This is pdfTeX, Version 3.141592653-2.6-1.40.28 (MiKTeX 25.12) (preloaded format=pdflatex.fmt)
 restricted \write18 enabled.
entering extended mode
(main.tex
LaTeX2e <2025-11-01>
L3 programming layer <2025-12-24>
(C:\Users\ryanv\AppData\Local\Programs\MiKTeX\tex/latex/base\report.cls
Document Class: report 2025/01/22 v1.4n Standard LaTeX document class
(C:\Users\ryanv\AppData\Local\Programs\MiKTeX\tex/latex/base\size11.clo))
(preamble.tex
(C:\Users\ryanv\AppData\Local\Programs\MiKTeX\tex/latex/geometry\geometry.sty
(C:\Users\ryanv\AppData\Local\Programs\MiKTeX\tex/latex/graphics\keyval.sty)
(C:\Users\ryanv\AppData\Local\Programs\MiKTeX\tex/generic/iftex\ifvtex.sty
(C:\Users\ryanv\AppData\Local\Programs\MiKTeX\tex/generic/iftex\iftex.sty))
(C:\Users\ryanv\AppData\Local\Programs\MiKTeX\tex/latex/geometry\geometry.cfg))
(C:\Users\ryanv\AppData\Local\Programs\MiKTeX\tex/latex/amsmath\amsmath.sty
For additional information on amsmath, use the `?' option.
(C:\Users\ryanv\AppData\Local\Programs\MiKTeX\tex/latex/amsmath\amstext.sty
(C:\Users\ryanv\AppData\Local\Programs\MiKTeX\tex/latex/amsmath\amsgen.sty))
(C:\Users\ryanv\AppData\Local\Programs\MiKTeX\tex/latex/amsmath\amsbsy.sty)
(C:\Users\ryanv\AppData\Local\Programs\MiKTeX\tex/latex/amsmath\amsopn.sty))
(C:\Users\ryanv\AppData\Local\Programs\MiKTeX\tex/latex/amsfonts\amssymb.sty
(C:\Users\ryanv\AppData\Local\Programs\MiKTeX\tex/latex/amsfonts\amsfonts.sty))
 (C:\Users\ryanv\AppData\Local\Programs\MiKTeX\tex/latex/amscls\amsthm.sty)
(C:\Users\ryanv\AppData\Local\Programs\MiKTeX\tex/latex/mathtools\mathtools.sty
(C:\Users\ryanv\AppData\Local\Programs\MiKTeX\tex/latex/tools\calc.sty)
(C:\Users\ryanv\AppData\Local\Programs\MiKTeX\tex/latex/mathtools\mhsetup.sty))
 (C:\Users\ryanv\AppData\Local\Programs\MiKTeX\tex/latex/cancel\cancel.sty)
(C:\Users\ryanv\AppData\Local\Programs\MiKTeX\tex/latex/tools\bm.sty)
(C:\Users\ryanv\AppData\Local\Programs\MiKTeX\tex/latex/enumitem\enumitem.sty)
(C:\Users\ryanv\AppData\Local\Programs\MiKTeX\tex/latex/hyperref\hyperref.sty
(C:\Users\ryanv\AppData\Local\Programs\MiKTeX\tex/latex/kvsetkeys\kvsetkeys.sty
)
(C:\Users\ryanv\AppData\Local\Programs\MiKTeX\tex/generic/kvdefinekeys\kvdefine
keys.sty)
(C:\Users\ryanv\AppData\Local\Programs\MiKTeX\tex/generic/pdfescape\pdfescape.s
ty
(C:\Users\ryanv\AppData\Local\Programs\MiKTeX\tex/generic/ltxcmds\ltxcmds.sty)
(C:\Users\ryanv\AppData\Local\Programs\MiKTeX\tex/generic/pdftexcmds\pdftexcmds
.sty
(C:\Users\ryanv\AppData\Local\Programs\MiKTeX\tex/generic/infwarerr\infwarerr.s
ty)))
(C:\Users\ryanv\AppData\Local\Programs\MiKTeX\tex/latex/hycolor\hycolor.sty)
(C:\Users\ryanv\AppData\Local\Programs\MiKTeX\tex/latex/hyperref\nameref.sty
(C:\Users\ryanv\AppData\Local\Programs\MiKTeX\tex/latex/refcount\refcount.sty)
(C:\Users\ryanv\AppData\Local\Programs\MiKTeX\tex/generic/gettitlestring\gettit
lestring.sty
(C:\Users\ryanv\AppData\Local\Programs\MiKTeX\tex/latex/kvoptions\kvoptions.sty
)))
(C:\Users\ryanv\AppData\Local\Programs\MiKTeX\tex/latex/etoolbox\etoolbox.sty)
(C:\Users\ryanv\AppData\Local\Programs\MiKTeX\tex/generic/stringenc\stringenc.s
ty) (C:\Users\ryanv\AppData\Local\Programs\MiKTeX\tex/latex/hyperref\pd1enc.def
) (C:\Users\ryanv\AppData\Local\Programs\MiKTeX\tex/generic/intcalc\intcalc.sty
) (C:\Users\ryanv\AppData\Local\Programs\MiKTeX\tex/latex/hyperref\puenc.def)
(C:\Users\ryanv\AppData\Local\Programs\MiKTeX\tex/latex/url\url.sty)
(C:\Users\ryanv\AppData\Local\Programs\MiKTeX\tex/generic/bitset\bitset.sty
(C:\Users\ryanv\AppData\Local\Programs\MiKTeX\tex/generic/bigintcalc\bigintcalc
.sty)))
(C:\Users\ryanv\AppData\Local\Programs\MiKTeX\tex/latex/hyperref\hpdftex.def
(C:\Users\ryanv\AppData\Local\Programs\MiKTeX\tex/latex/rerunfilecheck\rerunfil
echeck.sty
(C:\Users\ryanv\AppData\Local\Programs\MiKTeX\tex/generic/uniquecounter\uniquec
ounter.sty)))
(C:\Users\ryanv\AppData\Local\Programs\MiKTeX\tex/latex/xcolor\xcolor.sty
(C:\Users\ryanv\AppData\Local\Programs\MiKTeX\tex/latex/graphics-cfg\color.cfg)

(C:\Users\ryanv\AppData\Local\Programs\MiKTeX\tex/latex/graphics-def\pdftex.def
)
(C:\Users\ryanv\AppData\Local\Programs\MiKTeX\tex/latex/graphics\mathcolor.ltx)
)
(C:\Users\ryanv\AppData\Local\Programs\MiKTeX\tex/latex/tcolorbox\tcolorbox.sty

(C:\Users\ryanv\AppData\Local\Programs\MiKTeX\tex/latex/pgf/frontendlayer\tikz.
sty
(C:\Users\ryanv\AppData\Local\Programs\MiKTeX\tex/latex/pgf/basiclayer\pgf.sty
(C:\Users\ryanv\AppData\Local\Programs\MiKTeX\tex/latex/pgf/utilities\pgfrcs.st
y
(C:\Users\ryanv\AppData\Local\Programs\MiKTeX\tex/generic/pgf/utilities\pgfutil
-common.tex)
(C:\Users\ryanv\AppData\Local\Programs\MiKTeX\tex/generic/pgf/utilities\pgfutil
-latex.def)
(C:\Users\ryanv\AppData\Local\Programs\MiKTeX\tex/generic/pgf/utilities\pgfrcs.
code.tex
(C:\Users\ryanv\AppData\Local\Programs\MiKTeX\tex/generic/pgf\pgf.revision.tex)
))
(C:\Users\ryanv\AppData\Local\Programs\MiKTeX\tex/latex/pgf/basiclayer\pgfcore.
sty
(C:\Users\ryanv\AppData\Local\Programs\MiKTeX\tex/latex/graphics\graphicx.sty
(C:\Users\ryanv\AppData\Local\Programs\MiKTeX\tex/latex/graphics\graphics.sty
(C:\Users\ryanv\AppData\Local\Programs\MiKTeX\tex/latex/graphics\trig.sty)
(C:\Users\ryanv\AppData\Local\Programs\MiKTeX\tex/latex/graphics-cfg\graphics.c
fg)))
(C:\Users\ryanv\AppData\Local\Programs\MiKTeX\tex/latex/pgf/systemlayer\pgfsys.
sty
(C:\Users\ryanv\AppData\Local\Programs\MiKTeX\tex/generic/pgf/systemlayer\pgfsy
s.code.tex
(C:\Users\ryanv\AppData\Local\Programs\MiKTeX\tex/generic/pgf/utilities\pgfkeys
.code.tex
(C:\Users\ryanv\AppData\Local\Programs\MiKTeX\tex/generic/pgf/utilities\pgfkeys
libraryfiltered.code.tex))
(C:\Users\ryanv\AppData\Local\Programs\MiKTeX\tex/generic/pgf/systemlayer\pgf.c
fg)
(C:\Users\ryanv\AppData\Local\Programs\MiKTeX\tex/generic/pgf/systemlayer\pgfsy
s-pdftex.def
(C:\Users\ryanv\AppData\Local\Programs\MiKTeX\tex/generic/pgf/systemlayer\pgfsy
s-common-pdf.def)))
(C:\Users\ryanv\AppData\Local\Programs\MiKTeX\tex/generic/pgf/systemlayer\pgfsy
ssoftpath.code.tex)
(C:\Users\ryanv\AppData\Local\Programs\MiKTeX\tex/generic/pgf/systemlayer\pgfsy
sprotocol.code.tex))
(C:\Users\ryanv\AppData\Local\Programs\MiKTeX\tex/generic/pgf/basiclayer\pgfcor
e.code.tex
(C:\Users\ryanv\AppData\Local\Programs\MiKTeX\tex/generic/pgf/math\pgfmath.code
.tex
(C:\Users\ryanv\AppData\Local\Programs\MiKTeX\tex/generic/pgf/math\pgfmathutil.
code.tex)
(C:\Users\ryanv\AppData\Local\Programs\MiKTeX\tex/generic/pgf/math\pgfmathparse
r.code.tex)
(C:\Users\ryanv\AppData\Local\Programs\MiKTeX\tex/generic/pgf/math\pgfmathfunct
ions.code.tex)
(C:\Users\ryanv\AppData\Local\Programs\MiKTeX\tex/generic/pgf/math\pgfmathfunct
ions.basic.code.tex)
(C:\Users\ryanv\AppData\Local\Programs\MiKTeX\tex/generic/pgf/math\pgfmathfunct
ions.trigonometric.code.tex)
(C:\Users\ryanv\AppData\Local\Programs\MiKTeX\tex/generic/pgf/math\pgfmathfunct
ions.random.code.tex)
(C:\Users\ryanv\AppData\Local\Programs\MiKTeX\tex/generic/pgf/math\pgfmathfunct
ions.comparison.code.tex)
(C:\Users\ryanv\AppData\Local\Programs\MiKTeX\tex/generic/pgf/math\pgfmathfunct
ions.base.code.tex)
(C:\Users\ryanv\AppData\Local\Programs\MiKTeX\tex/generic/pgf/math\pgfmathfunct
ions.round.code.tex)
(C:\Users\ryanv\AppData\Local\Programs\MiKTeX\tex/generic/pgf/math\pgfmathfunct
ions.misc.code.tex)
(C:\Users\ryanv\AppData\Local\Programs\MiKTeX\tex/generic/pgf/math\pgfmathfunct
ions.integerarithmetics.code.tex)
(C:\Users\ryanv\AppData\Local\Programs\MiKTeX\tex/generic/pgf/math\pgfmathcalc.
code.tex)
(C:\Users\ryanv\AppData\Local\Programs\MiKTeX\tex/generic/pgf/math\pgfmathfloat
.code.tex))
(C:\Users\ryanv\AppData\Local\Programs\MiKTeX\tex/generic/pgf/math\pgfint.code.
tex)
(C:\Users\ryanv\AppData\Local\Programs\MiKTeX\tex/generic/pgf/basiclayer\pgfcor
epoints.code.tex)
(C:\Users\ryanv\AppData\Local\Programs\MiKTeX\tex/generic/pgf/basiclayer\pgfcor
epathconstruct.code.tex)
(C:\Users\ryanv\AppData\Local\Programs\MiKTeX\tex/generic/pgf/basiclayer\pgfcor
epathusage.code.tex)
(C:\Users\ryanv\AppData\Local\Programs\MiKTeX\tex/generic/pgf/basiclayer\pgfcor
escopes.code.tex)
(C:\Users\ryanv\AppData\Local\Programs\MiKTeX\tex/generic/pgf/basiclayer\pgfcor
egraphicstate.code.tex)
(C:\Users\ryanv\AppData\Local\Programs\MiKTeX\tex/generic/pgf/basiclayer\pgfcor
etransformations.code.tex)
(C:\Users\ryanv\AppData\Local\Programs\MiKTeX\tex/generic/pgf/basiclayer\pgfcor
equick.code.tex)
(C:\Users\ryanv\AppData\Local\Programs\MiKTeX\tex/generic/pgf/basiclayer\pgfcor
eobjects.code.tex)
(C:\Users\ryanv\AppData\Local\Programs\MiKTeX\tex/generic/pgf/basiclayer\pgfcor
epathprocessing.code.tex)
(C:\Users\ryanv\AppData\Local\Programs\MiKTeX\tex/generic/pgf/basiclayer\pgfcor
earrows.code.tex)
(C:\Users\ryanv\AppData\Local\Programs\MiKTeX\tex/generic/pgf/basiclayer\pgfcor
eshade.code.tex)
(C:\Users\ryanv\AppData\Local\Programs\MiKTeX\tex/generic/pgf/basiclayer\pgfcor
eimage.code.tex)
(C:\Users\ryanv\AppData\Local\Programs\MiKTeX\tex/generic/pgf/basiclayer\pgfcor
eexternal.code.tex)
(C:\Users\ryanv\AppData\Local\Programs\MiKTeX\tex/generic/pgf/basiclayer\pgfcor
elayers.code.tex)
(C:\Users\ryanv\AppData\Local\Programs\MiKTeX\tex/generic/pgf/basiclayer\pgfcor
etransparency.code.tex)
(C:\Users\ryanv\AppData\Local\Programs\MiKTeX\tex/generic/pgf/basiclayer\pgfcor
epatterns.code.tex)
(C:\Users\ryanv\AppData\Local\Programs\MiKTeX\tex/generic/pgf/basiclayer\pgfcor
erdf.code.tex)))
(C:\Users\ryanv\AppData\Local\Programs\MiKTeX\tex/generic/pgf/modules\pgfmodule
shapes.code.tex)
(C:\Users\ryanv\AppData\Local\Programs\MiKTeX\tex/generic/pgf/modules\pgfmodule
plot.code.tex)
(C:\Users\ryanv\AppData\Local\Programs\MiKTeX\tex/latex/pgf/compatibility\pgfco
mp-version-0-65.sty)
(C:\Users\ryanv\AppData\Local\Programs\MiKTeX\tex/latex/pgf/compatibility\pgfco
mp-version-1-18.sty))
(C:\Users\ryanv\AppData\Local\Programs\MiKTeX\tex/latex/pgf/utilities\pgffor.st
y
(C:\Users\ryanv\AppData\Local\Programs\MiKTeX\tex/latex/pgf/utilities\pgfkeys.s
ty
(C:\Users\ryanv\AppData\Local\Programs\MiKTeX\tex/generic/pgf/utilities\pgfkeys
.code.tex))
(C:\Users\ryanv\AppData\Local\Programs\MiKTeX\tex/latex/pgf/math\pgfmath.sty
(C:\Users\ryanv\AppData\Local\Programs\MiKTeX\tex/generic/pgf/math\pgfmath.code
.tex))
(C:\Users\ryanv\AppData\Local\Programs\MiKTeX\tex/generic/pgf/utilities\pgffor.
code.tex))
(C:\Users\ryanv\AppData\Local\Programs\MiKTeX\tex/generic/pgf/frontendlayer/tik
z\tikz.code.tex
(C:\Users\ryanv\AppData\Local\Programs\MiKTeX\tex/generic/pgf/libraries\pgflibr
aryplothandlers.code.tex)
(C:\Users\ryanv\AppData\Local\Programs\MiKTeX\tex/generic/pgf/modules\pgfmodule
matrix.code.tex)
(C:\Users\ryanv\AppData\Local\Programs\MiKTeX\tex/generic/pgf/frontendlayer/tik
z/libraries\tikzlibrarytopaths.code.tex)))
(C:\Users\ryanv\AppData\Local\Programs\MiKTeX\tex/latex/tools\verbatim.sty)
(C:\Users\ryanv\AppData\Local\Programs\MiKTeX\tex/latex/environ\environ.sty
(C:\Users\ryanv\AppData\Local\Programs\MiKTeX\tex/latex/trimspaces\trimspaces.s
ty)))
(C:\Users\ryanv\AppData\Local\Programs\MiKTeX\tex/latex/fancyhdr\fancyhdr.sty)
(C:\Users\ryanv\AppData\Local\Programs\MiKTeX\tex/latex/parskip\parskip.sty)
(C:\Users\ryanv\AppData\Local\Programs\MiKTeX\tex/latex/pgfplots\pgfplots.sty
(C:\Users\ryanv\AppData\Local\Programs\MiKTeX\tex/generic/pgfplots\pgfplots.rev
ision.tex)
(C:\Users\ryanv\AppData\Local\Programs\MiKTeX\tex/generic/pgfplots\pgfplots.cod
e.tex
(C:\Users\ryanv\AppData\Local\Programs\MiKTeX\tex/generic/pgfplots\pgfplotscore
.code.tex
(C:\Users\ryanv\AppData\Local\Programs\MiKTeX\tex/generic/pgfplots/sys\pgfplots
sysgeneric.code.tex))
(C:\Users\ryanv\AppData\Local\Programs\MiKTeX\tex/generic/pgfplots/libs\pgfplot
slibrary.code.tex)
(C:\Users\ryanv\AppData\Local\Programs\MiKTeX\tex/generic/pgfplots/oldpgfcompat
ib\pgfplotsoldpgfsupp_loader.code.tex
(C:\Users\ryanv\AppData\Local\Programs\MiKTeX\tex/generic/pgf/libraries\pgflibr
aryfpu.code.tex)
Package pgfplots: loading complementary utilities for your pgf version...

(C:\Users\ryanv\AppData\Local\Programs\MiKTeX\tex/generic/pgfplots/oldpgfcompat
ib\pgfplotsoldpgfsupp_pgfutil-common-lists.tex))
(C:\Users\ryanv\AppData\Local\Programs\MiKTeX\tex/generic/pgfplots/util\pgfplot
sutil.code.tex
(C:\Users\ryanv\AppData\Local\Programs\MiKTeX\tex/generic/pgfplots/liststructur
e\pgfplotsliststructure.code.tex)
(C:\Users\ryanv\AppData\Local\Programs\MiKTeX\tex/generic/pgfplots/liststructur
e\pgfplotsliststructureext.code.tex)
(C:\Users\ryanv\AppData\Local\Programs\MiKTeX\tex/generic/pgfplots/liststructur
e\pgfplotsarray.code.tex)
(C:\Users\ryanv\AppData\Local\Programs\MiKTeX\tex/generic/pgfplots/liststructur
e\pgfplotsmatrix.code.tex)
(C:\Users\ryanv\AppData\Local\Programs\MiKTeX\tex/generic/pgfplots/numtable\pgf
plotstableshared.code.tex)
(C:\Users\ryanv\AppData\Local\Programs\MiKTeX\tex/generic/pgfplots/liststructur
e\pgfplotsdeque.code.tex)
(C:\Users\ryanv\AppData\Local\Programs\MiKTeX\tex/generic/pgfplots/util\pgfplot
sbinary.code.tex
(C:\Users\ryanv\AppData\Local\Programs\MiKTeX\tex/generic/pgfplots/util\pgfplot
sbinary.data.code.tex))
(C:\Users\ryanv\AppData\Local\Programs\MiKTeX\tex/generic/pgfplots/util\pgfplot
sutil.verb.code.tex)
(C:\Users\ryanv\AppData\Local\Programs\MiKTeX\tex/generic/pgfplots/libs\pgflibr
arypgfplots.surfshading.code.tex
(C:\Users\ryanv\AppData\Local\Programs\MiKTeX\tex/generic/pgfplots/sys\pgflibra
rypgfplots.surfshading.pgfsys-pdftex.def)))
(C:\Users\ryanv\AppData\Local\Programs\MiKTeX\tex/generic/pgfplots/util\pgfplot
scolormap.code.tex
(C:\Users\ryanv\AppData\Local\Programs\MiKTeX\tex/generic/pgfplots/util\pgfplot
scolor.code.tex))
(C:\Users\ryanv\AppData\Local\Programs\MiKTeX\tex/generic/pgfplots\pgfplotsstac
kedplots.code.tex)
(C:\Users\ryanv\AppData\Local\Programs\MiKTeX\tex/generic/pgfplots\pgfplotsplot
handlers.code.tex
(C:\Users\ryanv\AppData\Local\Programs\MiKTeX\tex/generic/pgfplots\pgfplotsmesh
plothandler.code.tex
(C:\Users\ryanv\AppData\Local\Programs\MiKTeX\tex/generic/pgfplots\pgfplotsmesh
plotimage.code.tex)))
(C:\Users\ryanv\AppData\Local\Programs\MiKTeX\tex/generic/pgfplots\pgfplots.sca
ling.code.tex)
(C:\Users\ryanv\AppData\Local\Programs\MiKTeX\tex/generic/pgfplots\pgfplotscoor
dprocessing.code.tex)
(C:\Users\ryanv\AppData\Local\Programs\MiKTeX\tex/generic/pgfplots\pgfplots.err
orbars.code.tex)
(C:\Users\ryanv\AppData\Local\Programs\MiKTeX\tex/generic/pgfplots\pgfplots.mar
kers.code.tex)
(C:\Users\ryanv\AppData\Local\Programs\MiKTeX\tex/generic/pgfplots\pgfplotstick
s.code.tex)
(C:\Users\ryanv\AppData\Local\Programs\MiKTeX\tex/generic/pgfplots\pgfplots.pat
hs.code.tex)
(C:\Users\ryanv\AppData\Local\Programs\MiKTeX\tex/generic/pgf/frontendlayer/tik
z/libraries\tikzlibrarydecorations.code.tex
(C:\Users\ryanv\AppData\Local\Programs\MiKTeX\tex/generic/pgf/modules\pgfmodule
decorations.code.tex))
(C:\Users\ryanv\AppData\Local\Programs\MiKTeX\tex/generic/pgf/frontendlayer/tik
z/libraries\tikzlibrarydecorations.pathmorphing.code.tex
(C:\Users\ryanv\AppData\Local\Programs\MiKTeX\tex/generic/pgf/libraries/decorat
ions\pgflibrarydecorations.pathmorphing.code.tex))
(C:\Users\ryanv\AppData\Local\Programs\MiKTeX\tex/generic/pgf/frontendlayer/tik
z/libraries\tikzlibrarydecorations.pathreplacing.code.tex
(C:\Users\ryanv\AppData\Local\Programs\MiKTeX\tex/generic/pgf/libraries/decorat
ions\pgflibrarydecorations.pathreplacing.code.tex))
(C:\Users\ryanv\AppData\Local\Programs\MiKTeX\tex/generic/pgfplots/libs\tikzlib
rarypgfplots.contourlua.code.tex))
(C:\Users\ryanv\AppData\Local\Programs\MiKTeX\tex/generic/pgf/frontendlayer/tik
z/libraries\tikzlibraryplotmarks.code.tex
(C:\Users\ryanv\AppData\Local\Programs\MiKTeX\tex/generic/pgf/libraries\pgflibr
aryplotmarks.code.tex)))
(C:\Users\ryanv\AppData\Local\Programs\MiKTeX\tex/latex/booktabs\booktabs.sty)
(C:\Users\ryanv\AppData\Local\Programs\MiKTeX\tex/latex/truncate\truncate.sty)
(C:\Users\ryanv\AppData\Local\Programs\MiKTeX\tex/latex/multirow\multirow.sty)
(C:\Users\ryanv\AppData\Local\Programs\MiKTeX\tex/latex/tools\array.sty)
(C:\Users\ryanv\AppData\Local\Programs\MiKTeX\tex/latex/tools\longtable.sty)
(C:\Users\ryanv\AppData\Local\Programs\MiKTeX\tex/latex/natbib\natbib.sty)
(C:\Users\ryanv\AppData\Local\Programs\MiKTeX\tex/generic/pgf/libraries\pgflibr
aryarrows.meta.code.tex)
(C:\Users\ryanv\AppData\Local\Programs\MiKTeX\tex/generic/pgf/frontendlayer/tik
z/libraries\tikzlibrarypositioning.code.tex)
(C:\Users\ryanv\AppData\Local\Programs\MiKTeX\tex/generic/pgf/frontendlayer/tik
z/libraries\tikzlibraryfit.code.tex)
(C:\Users\ryanv\AppData\Local\Programs\MiKTeX\tex/generic/pgf/frontendlayer/tik
z/libraries\tikzlibrarybackgrounds.code.tex)
(C:\Users\ryanv\AppData\Local\Programs\MiKTeX\tex/generic/pgf/frontendlayer/tik
z/libraries\tikzlibrarycalc.code.tex)
(C:\Users\ryanv\AppData\Local\Programs\MiKTeX\tex/generic/pgf/frontendlayer/tik
z/libraries\tikzlibraryshapes.geometric.code.tex
(C:\Users\ryanv\AppData\Local\Programs\MiKTeX\tex/generic/pgf/libraries/shapes\
pgflibraryshapes.geometric.code.tex))
(C:\Users\ryanv\AppData\Local\Programs\MiKTeX\tex/generic/pgf/frontendlayer/tik
z/libraries\tikzlibrarypatterns.code.tex
(C:\Users\ryanv\AppData\Local\Programs\MiKTeX\tex/generic/pgf/libraries\pgflibr
arypatterns.code.tex))
(C:\Users\ryanv\AppData\Local\Programs\MiKTeX\tex/latex/tcolorbox\tcbbreakable.
code.tex
Library (tcolorbox): 'tcbbreakable.code.tex' version '6.9.0'
(C:\Users\ryanv\AppData\Local\Programs\MiKTeX\tex/latex/pdfcol\pdfcol.sty))
(C:\Users\ryanv\AppData\Local\Programs\MiKTeX\tex/latex/tcolorbox\tcbskins.code
.tex
Library (tcolorbox): 'tcbskins.code.tex' version '6.9.0'

(C:\Users\ryanv\AppData\Local\Programs\MiKTeX\tex/latex/tikzfill\tikzfill.image
.sty
(C:\Users\ryanv\AppData\Local\Programs\MiKTeX\tex/latex/tikzfill\tikzfill-commo
n.sty)
(C:\Users\ryanv\AppData\Local\Programs\MiKTeX\tex/latex/tikzfill\tikzlibraryfil
l.image.code.tex))
(C:\Users\ryanv\AppData\Local\Programs\MiKTeX\tex/latex/tcolorbox\tcbskinsjigsa
w.code.tex
Library (tcolorbox): 'tcbskinsjigsaw.code.tex' version '6.9.0'
)))
(C:\Users\ryanv\AppData\Local\Programs\MiKTeX\tex/latex/cleveref\cleveref.sty)
==> First Aid for cleveref.sty applied!

(C:\Users\ryanv\AppData\Local\Programs\MiKTeX\tex/latex/l3backend\l3backend-pdf
tex.def) (main.aux)
*geometry* driver: auto-detecting
*geometry* detected driver: pdftex
(main.out) (main.out)
(C:\Users\ryanv\AppData\Local\Programs\MiKTeX\tex/context/base/mkii\supp-pdf.mk
ii
[Loading MPS to PDF converter (version 2006.09.02).]
)
(C:\Users\ryanv\AppData\Local\Programs\MiKTeX\tex/latex/epstopdf-pkg\epstopdf-b
ase.sty
(C:\Users\ryanv\AppData\Local\Programs\MiKTeX\tex/latex/00miktex\epstopdf-sys.c
fg))
Couldn't patch \deferred@thm@head!
Package pgfplots notification 'compat/show suggested version=true': document ha
s been generated with the most recent feature set (\pgfplotsset{compat=1.18}).

[1{C:/Users/ryanv/AppData/Local/MiKTeX/fonts/map/pdftex/pdftex.map}] (main.toc
(C:\Users\ryanv\AppData\Local\Programs\MiKTeX\tex/latex/amsfonts\umsa.fd)
(C:\Users\ryanv\AppData\Local\Programs\MiKTeX\tex/latex/amsfonts\umsb.fd)
pdfTeX warning (ext4): destination with the same identifier (name{page.1}) has 
been already used, duplicate ignored
<to be read again> 
                   \relax 
l.48 ...{3.5.1}Construction}{45}{subsection.3.5.1}
                                                  % [1] [2] [3] [4] [5]
[6] [7] [8]) [9] [10] (chapters/01-returns-variance-volatility.tex
Chapter 1.

LaTeX Warning: Reference `ch:applications' on page 11 undefined on input line 8
.

[11]

LaTeX Warning: Reference `ch:rv' on page 12 undefined on input line 90.

[12]

LaTeX Warning: Reference `ch:rv' on page 13 undefined on input line 175.

[13] [14]

LaTeX Warning: Reference `sec:stylized-facts' on page 15 undefined on input lin
e 220.


LaTeX Warning: Reference `ch:garch' on page 15 undefined on input line 221.


LaTeX Warning: Reference `ch:har' on page 15 undefined on input line 221.


Package natbib Warning: Citation `Black1973' on page 15 undefined on input line
 249.


LaTeX Warning: Reference `ch:volsurface' on page 15 undefined on input line 251
.

[15]

Package natbib Warning: Citation `Markowitz1952' on page 16 undefined on input 
line 259.


LaTeX Warning: Reference `ch:rv' on page 16 undefined on input line 268.


LaTeX Warning: Reference `ch:garch' on page 16 undefined on input line 268.


LaTeX Warning: Reference `ch:hybrid' on page 16 undefined on input line 268.


LaTeX Warning: Reference `ch:rv' on page 16 undefined on input line 277.


Package natbib Warning: Citation `Cont2001' on page 16 undefined on input line 
286.


Package natbib Warning: Citation `Cont2001' on page 16 undefined on input line 
298.

[16]

Package natbib Warning: Citation `Cont2001' on page 17 undefined on input line 
311.


Package natbib Warning: Citation `Mandelbrot1963' on page 17 undefined on input
 line 311.


Package natbib Warning: Citation `Engle1982' on page 17 undefined on input line
 314.


LaTeX Warning: Reference `ch:garch' on page 17 undefined on input line 315.


Package natbib Warning: Citation `Cont2001' on page 17 undefined on input line 
317.


LaTeX Warning: Reference `ch:har' on page 17 undefined on input line 325.


LaTeX Warning: Reference `fig:vol-clustering-ts' on page 17 undefined on input 
line 328.


Overfull \hbox (3.92194pt too wide) in paragraph at lines 413--417
 [][] 

LaTeX Warning: Reference `fig:acf-comparison' on page 17 undefined on input lin
e 421.

[17]

Package natbib Warning: Citation `Mandelbrot1963' on page 18 undefined on input
 line 498.


Package natbib Warning: Citation `Fama1965' on page 18 undefined on input line 
499.


Package natbib Warning: Citation `Cont2001' on page 18 undefined on input line 
527.

[18]

LaTeX Warning: Reference `fig:fat-tails-qq' on page 19 undefined on input line 
530.


Package natbib Warning: Citation `Fama1965' on page 19 undefined on input line 
587.


Package natbib Warning: Citation `Fama1965' on page 19 undefined on input line 
587.


LaTeX Warning: Reference `ch:jumps' on page 19 undefined on input line 594.


LaTeX Warning: Reference `ch:garch' on page 19 undefined on input line 594.


Package natbib Warning: Citation `Black1976' on page 19 undefined on input line
 601.


LaTeX Warning: Reference `ch:garch' on page 19 undefined on input line 624.

[19]

Package natbib Warning: Citation `Cont2001' on page 20 undefined on input line 
629.


LaTeX Warning: Reference `ch:garch' on page 20 undefined on input line 630.

[20]

LaTeX Warning: Reference `ch:garch' on page 21 undefined on input line 696.


LaTeX Warning: Reference `ch:rv' on page 21 undefined on input line 696.

[21]

LaTeX Warning: Reference `ch:garch' on page 22 undefined on input line 773.


LaTeX Warning: Reference `ch:hybrid' on page 22 undefined on input line 773.


LaTeX Warning: Reference `ch:rv' on page 22 undefined on input line 774.


LaTeX Warning: Reference `ch:garch' on page 22 undefined on input line 775.


LaTeX Warning: Reference `ch:hybrid' on page 22 undefined on input line 775.


LaTeX Warning: Reference `ch:evaluation' on page 22 undefined on input line 776
.

[22]

Package natbib Warning: Citation `Cont2001' on page 23 undefined on input line 
810.


Package natbib Warning: Citation `Mandelbrot1963' on page 23 undefined on input
 line 812.


Package natbib Warning: Citation `Fama1965' on page 23 undefined on input line 
812.


Package natbib Warning: Citation `Engle1982' on page 23 undefined on input line
 814.


LaTeX Warning: Reference `ch:garch' on page 23 undefined on input line 814.


Package natbib Warning: Citation `Mandelbrot1963' on page 23 undefined on input
 line 829.


Underfull \hbox (badness 10000) in paragraph at lines 831--831
[]|\OT1/cmr/m/n/10.95 First ev-i-dence that

Underfull \hbox (badness 10000) in paragraph at lines 831--831
\OT1/cmr/m/n/10.95 normal-distribution

Underfull \hbox (badness 10000) in paragraph at lines 831--831
\OT1/cmr/m/n/10.95 as-sump-tions fail for

Package natbib Warning: Citation `Fama1965' on page 23 undefined on input line 
833.


Package natbib Warning: Citation `Black1976' on page 23 undefined on input line
 837.


Underfull \hbox (badness 4144) in paragraph at lines 838--838
[]|\OT1/cmr/m/n/10.95 Documented neg-a-tive cor-re-la-tion

LaTeX Warning: Reference `ch:garch' on page 23 undefined on input line 839.


Underfull \hbox (badness 10000) in paragraph at lines 839--839
[]|\OT1/cmr/m/n/10.95 Motivates asym-met-ric

Package natbib Warning: Citation `Engle1982' on page 23 undefined on input line
 841.


LaTeX Warning: Reference `ch:garch' on page 23 undefined on input line 843.


Package natbib Warning: Citation `Cont2001' on page 23 undefined on input line 
845.


Underfull \hbox (badness 10000) in paragraph at lines 847--848
[]|\OT1/cmr/m/n/10.95 Benchmark ref-er-ence

Underfull \hbox (badness 10000) in paragraph at lines 847--848
\OT1/cmr/m/n/10.95 er-ties any volatil-ity
) (chapters/02-realized-volatility.tex [23]
Chapter 2.

LaTeX Warning: Reference `ch:noise' on page 24 undefined on input line 6.


LaTeX Warning: Reference `ch:jumps' on page 24 undefined on input line 6.


LaTeX Warning: Reference `ch:har' on page 24 undefined on input line 6.


LaTeX Warning: Reference `ch:features' on page 24 undefined on input line 6.


LaTeX Warning: Reference `ch:returns' on page 24 undefined on input line 10.

[24] [25]

Package natbib Warning: Citation `ABDL2001' on page 26 undefined on input line 
95.


Package natbib Warning: Citation `BNS2002' on page 26 undefined on input line 9
5.


Package natbib Warning: Citation `ABDL2003' on page 26 undefined on input line 
114.


LaTeX Warning: Reference `ch:har' on page 26 undefined on input line 136.


LaTeX Warning: Reference `ch:deeplearning' on page 26 undefined on input line 1
36.

[26]

Package natbib Warning: Citation `ABDL2001' on page 27 undefined on input line 
161.


Package natbib Warning: Citation `BNS2002' on page 27 undefined on input line 1
61.

[27]

LaTeX Warning: Reference `ch:jumps' on page 28 undefined on input line 209.


LaTeX Warning: Reference `ch:jumps' on page 28 undefined on input line 216.


Package natbib Warning: Citation `ABDL2001' on page 28 undefined on input line 
225.


Package natbib Warning: Citation `BNS2002' on page 28 undefined on input line 2
25.

[28]

LaTeX Warning: Reference `fig:iv-qv-rv-chain' on page 29 undefined on input lin
e 231.


LaTeX Warning: Reference `ch:jumps' on page 29 undefined on input line 258.


LaTeX Warning: Reference `ch:noise' on page 29 undefined on input line 258.


LaTeX Warning: Reference `ch:jumps' on page 29 undefined on input line 258.


LaTeX Warning: Reference `ch:noise' on page 29 undefined on input line 258.


LaTeX Warning: Reference `fig:rv-convergence-diagram' on page 29 undefined on i
nput line 262.


LaTeX Warning: Reference `eq:rv-convergence' on page 29 undefined on input line
 313.


LaTeX Warning: Reference `eq:rv-convergence' on page 29 undefined on input line
 313.


LaTeX Warning: Reference `fig:rv-construction' on page 29 undefined on input li
ne 319.


Overfull \hbox (7.03128pt too wide) in paragraph at lines 384--390
 [][] 
[29] [30]

LaTeX Warning: Reference `eq:rv-convergence' on page 31 undefined on input line
 448.


Package natbib Warning: Citation `BNS2002' on page 31 undefined on input line 4
49.


Package natbib Warning: Citation `BNS2002' on page 31 undefined on input line 4
53.


LaTeX Warning: Reference `ch:har' on page 31 undefined on input line 480.

[31]

Package natbib Warning: Citation `ABDL2001' on page 32 undefined on input line 
499.


Package natbib Warning: Citation `BNS2002' on page 32 undefined on input line 4
99.


LaTeX Warning: Reference `ch:noise' on page 32 undefined on input line 520.


LaTeX Warning: Reference `ch:noise' on page 32 undefined on input line 543.

[32]

LaTeX Warning: Reference `fig:vol-sig-plot' on page 33 undefined on input line 
570.


LaTeX Warning: Reference `ch:noise' on page 33 undefined on input line 629.


LaTeX Warning: Reference `ch:noise' on page 33 undefined on input line 629.

[33]

LaTeX Warning: Reference `ch:noise' on page 34 undefined on input line 643.


Package natbib Warning: Citation `LPS2015' on page 34 undefined on input line 6
57.


Package natbib Warning: Citation `LPS2015' on page 34 undefined on input line 6
58.


LaTeX Warning: Reference `eq:rv-clt' on page 34 undefined on input line 667.


LaTeX Warning: Reference `ch:noise' on page 34 undefined on input line 671.

[34]

LaTeX Warning: Reference `sec:annualizing' on page 35 undefined on input line 7
00.


LaTeX Warning: Reference `ch:returns' on page 35 undefined on input line 700.


Package natbib Warning: Citation `ABDL2003' on page 35 undefined on input line 
702.


Package natbib Warning: Citation `BNS2002' on page 35 undefined on input line 7
02.


LaTeX Warning: Reference `ch:har' on page 35 undefined on input line 705.


Package natbib Warning: Citation `ABDL2001' on page 35 undefined on input line 
708.


Package natbib Warning: Citation `ABDL2003' on page 35 undefined on input line 
708.


Package natbib Warning: Citation `ABDL2001' on page 35 undefined on input line 
725.


Package natbib Warning: Citation `BNS2002' on page 35 undefined on input line 7
25.


LaTeX Warning: Reference `ch:jumps' on page 35 undefined on input line 729.

[35]

Package natbib Warning: Citation `LPS2015' on page 36 undefined on input line 7
35.


LaTeX Warning: Reference `ch:noise' on page 36 undefined on input line 743.


LaTeX Warning: Reference `ch:jumps' on page 36 undefined on input line 743.


Package natbib Warning: Citation `ABDL2001' on page 36 undefined on input line 
758.


Underfull \hbox (badness 10000) in paragraph at lines 759--759
[]|\OT1/cmr/m/n/10.95 Realized vari-ance con-verges to

Underfull \hbox (badness 10000) in paragraph at lines 760--760
[]|\OT1/cmr/m/n/10.95 Foundational re-sult

Underfull \hbox (badness 2707) in paragraph at lines 760--760
\OT1/cmr/m/n/10.95 es-tab-lish-ing RV as a

Underfull \hbox (badness 10000) in paragraph at lines 760--760
\OT1/cmr/m/n/10.95 con-sis-tent, model-free

Package natbib Warning: Citation `ABDL2003' on page 36 undefined on input line 
762.


Underfull \hbox (badness 1052) in paragraph at lines 763--763
\OT1/cmr/m/n/10.95 men-ta-tion with 5-minute FX re-

Underfull \hbox (badness 1320) in paragraph at lines 764--764
\OT1/cmr/m/n/10.95 RV and demon-strated

Underfull \hbox (badness 1102) in paragraph at lines 764--764
\OT1/cmr/m/n/10.95 that drop-ping the in-

Package natbib Warning: Citation `BNS2002' on page 36 undefined on input line 7
66.


LaTeX Warning: Reference `ch:jumps' on page 36 undefined on input line 768.


Underfull \hbox (badness 10000) in paragraph at lines 768--768
[]|\OT1/cmr/m/n/10.95 Second foun-da-tional

Underfull \hbox (badness 5939) in paragraph at lines 768--768
\OT1/cmr/m/n/10.95 pa-pers) is the ba-sis

Underfull \hbox (badness 1102) in paragraph at lines 768--768
\OT1/cmr/m/n/10.95 for jump de-tec-tion in

Package natbib Warning: Citation `LPS2015' on page 36 undefined on input line 7
70.

) (chapters/03-microstructure-noise.tex [36]
Chapter 3.

LaTeX Warning: Reference `ch:features' on page 37 undefined on input line 7.


LaTeX Warning: Reference `ch:rv' on page 37 undefined on input line 11.


LaTeX Warning: Reference `ch:rv' on page 37 undefined on input line 21.


LaTeX Warning: Reference `eq:noise-model' on page 37 undefined on input line 21
.


Package natbib Warning: Citation `HansenLunde2006' on page 37 undefined on inpu
t line 43.

[37]

LaTeX Warning: Reference `fig:bid-ask-bounce' on page 38 undefined on input lin
e 45.


Package natbib Warning: Citation `AitSahaliaMyklandZhang2005' on page 38 undefi
ned on input line 118.


Package natbib Warning: Citation `GlostenMilgrom1985' on page 38 undefined on i
nput line 129.


Overfull \hbox (7.03886pt too wide) in paragraph at lines 128--131
 []\OT1/cmr/bx/n/10.95 Source 4: Ad-verse se-lec-tion (in-for-ma-tion asym-me-t
ry).[] \OT1/cmr/m/n/10.95 Be-yond me-chan-i-cal noise, spreads
[38]

LaTeX Warning: Reference `ch:features' on page 39 undefined on input line 138.


Package natbib Warning: Citation `HansenLunde2006' on page 39 undefined on inpu
t line 151.


Package natbib Warning: Citation `AitSahaliaMyklandZhang2005' on page 39 undefi
ned on input line 151.


Package natbib Warning: Citation `HansenLunde2006' on page 39 undefined on inpu
t line 184.

[39]

LaTeX Warning: Reference `ch:rv' on page 40 undefined on input line 194.


LaTeX Warning: Reference `fig:vol-sig-plot' on page 40 undefined on input line 
194.


LaTeX Warning: Reference `fig:vol-sig-detail' on page 40 undefined on input lin
e 210.

[40]

Package natbib Warning: Citation `HansenLunde2006' on page 41 undefined on inpu
t line 288.


LaTeX Warning: Reference `ch:rv' on page 41 undefined on input line 300.


Package natbib Warning: Citation `ZhangMyklandAitSahalia2005' on page 41 undefi
ned on input line 302.

[41]
Underfull \hbox (badness 6204) in paragraph at lines 341--345
[]\OT1/cmr/m/n/10.95 Both $[][]$ and $[][]$ con-tain a noise bias pro-por-tiona
l to $2\OML/cmm/m/it/10.95 ![] \OMS/cmsy/m/n/10.95 ^^B

LaTeX Warning: Reference `fig:tsrv-scales' on page 42 undefined on input line 3
53.


Overfull \hbox (10.05359pt too wide) in paragraph at lines 420--424
 [][] 

Package natbib Warning: Citation `ZhangMyklandAitSahalia2005' on page 42 undefi
ned on input line 430.

[42]

Package natbib Warning: Citation `Zhang2006' on page 43 undefined on input line
 479.


Package natbib Warning: Citation `Zhang2006' on page 43 undefined on input line
 496.

[43]

Package natbib Warning: Citation `Zhang2006' on page 44 undefined on input line
 512.


Package natbib Warning: Citation `Zhang2006' on page 44 undefined on input line
 523.


Package natbib Warning: Citation `BNHLS2008' on page 44 undefined on input line
 532.

[44] [45]

Package natbib Warning: Citation `BNHLS2008' on page 46 undefined on input line
 587.


LaTeX Warning: Reference `fig:kernel-weights' on page 46 undefined on input lin
e 590.


Overfull \hbox (0.76245pt too wide) in paragraph at lines 645--646
[]\OT1/cmr/bx/n/10.95 Kernel weight-ing\OT1/cmr/m/n/10.95 : By in-clud-ing thes
e neg-a-tive au-to-co-vari-ances with ap-pro-pri-ate weights,
[46]

Package natbib Warning: Citation `BNHLS2008' on page 47 undefined on input line
 663.


Package natbib Warning: Citation `JacodLiMyklandPodolskijVetter2009' on page 47
 undefined on input line 673.

[47]

LaTeX Warning: Reference `eq:pre-avg-price' on page 48 undefined on input line 
708.


LaTeX Warning: Reference `eq:pre-avg-rv' on page 48 undefined on input line 709
.


LaTeX Warning: Reference `fig:pre-averaging' on page 48 undefined on input line
 717.


Package natbib Warning: Citation `JacodLiMyklandPodolskijVetter2009' on page 48
 undefined on input line 782.

[48]

Package natbib Warning: Citation `MalliavinMancino2002' on page 49 undefined on
 input line 803.


Package natbib Warning: Citation `MalliavinMancino2009' on page 49 undefined on
 input line 803.


Package natbib Warning: Citation `Xiu2010' on page 49 undefined on input line 8
09.


LaTeX Warning: Reference `fig:estimator-sig-comparison' on page 49 undefined on
 input line 829.


LaTeX Warning: Reference `tab:estimator-comparison' on page 49 undefined on inp
ut line 903.


Package natbib Warning: Citation `LPS2015' on page 49 undefined on input line 9
13.


Underfull \hbox (badness 7944) in paragraph at lines 916--916
\OT1/cmr/m/n/10.95 ker-nel stan-dard; band-

LaTeX Warning: Reference `fig:estimator-flowchart' on page 49 undefined on inpu
t line 925.


LaTeX Warning: Reference `ch:rv' on page 49 undefined on input line 973.


LaTeX Warning: Reference `ch:har' on page 49 undefined on input line 982.


LaTeX Warning: Reference `ch:features' on page 49 undefined on input line 982.


Package natbib Warning: Citation `LPS2015' on page 49 undefined on input line 9
83.

[49] [50]

Package natbib Warning: Citation `ZhangMyklandAitSahalia2005' on page 51 undefi
ned on input line 1007.


Package natbib Warning: Citation `Zhang2006' on page 51 undefined on input line
 1009.


Package natbib Warning: Citation `BNHLS2008' on page 51 undefined on input line
 1011.


Package natbib Warning: Citation `JacodLiMyklandPodolskijVetter2009' on page 51
 undefined on input line 1013.


Package natbib Warning: Citation `MalliavinMancino2002' on page 51 undefined on
 input line 1015.


Package natbib Warning: Citation `Xiu2010' on page 51 undefined on input line 1
015.

[51]

Package natbib Warning: Citation `LPS2015' on page 52 undefined on input line 1
019.


LaTeX Warning: Reference `ch:jumps' on page 52 undefined on input line 1023.


LaTeX Warning: Reference `ch:features' on page 52 undefined on input line 1025.



Package natbib Warning: Citation `HansenLunde2006' on page 52 undefined on inpu
t line 1040.


Underfull \hbox (badness 3849) in paragraph at lines 1041--1041
[]|\OT1/cmr/m/n/10.95 Characterized the ef-fect of mi-

Underfull \hbox (badness 1701) in paragraph at lines 1041--1041
\OT1/cmr/m/n/10.95 gence as sam-pling fre-quency in-

Underfull \hbox (badness 3260) in paragraph at lines 1042--1042
\OT1/cmr/m/n/10.95 anal-y-sis of the noise

Package natbib Warning: Citation `AitSahaliaMyklandZhang2005' on page 52 undefi
ned on input line 1044.


Underfull \hbox (badness 1584) in paragraph at lines 1046--1046
[]|\OT1/cmr/m/n/10.95 Theoretical foun-da-tion

Package natbib Warning: Citation `ZhangMyklandAitSahalia2005' on page 52 undefi
ned on input line 1048.


Underfull \hbox (badness 10000) in paragraph at lines 1050--1050
[]|\OT1/cmr/m/n/10.95 The sim-plest noise-

Underfull \hbox (badness 10000) in paragraph at lines 1050--1050
\OT1/cmr/m/n/10.95 robust es-ti-ma-tor;

Package natbib Warning: Citation `Zhang2006' on page 52 undefined on input line
 1052.


Underfull \hbox (badness 2503) in paragraph at lines 1054--1054
[]|\OT1/cmr/m/n/10.95 Proved the $\OML/cmm/m/it/10.95 n[]$ \OT1/cmr/m/n/10.95 e
f-

Underfull \hbox (badness 10000) in paragraph at lines 1054--1054
\OT1/cmr/m/n/10.95 fi-ciency bound for

Underfull \hbox (badness 10000) in paragraph at lines 1054--1054
\OT1/cmr/m/n/10.95 noise-contaminated

Package natbib Warning: Citation `BNHLS2008' on page 52 undefined on input line
 1056.


Underfull \hbox (badness 5893) in paragraph at lines 1058--1058
\OT1/cmr/m/n/10.95 noise-robust es-ti-ma-tor

Package natbib Warning: Citation `JacodLiMyklandPodolskijVetter2009' on page 52
 undefined on input line 1060.


Package natbib Warning: Citation `Xiu2010' on page 52 undefined on input line 1
064.


Underfull \hbox (badness 1248) in paragraph at lines 1066--1066
[]|\OT1/cmr/m/n/10.95 Useful when you also

Package natbib Warning: Citation `LPS2015' on page 52 undefined on input line 1
068.


Underfull \hbox (badness 2088) in paragraph at lines 1070--1071
[]|\OT1/cmr/m/n/10.95 Key prac-ti-cal find-ing:
) (chapters/04-jumps-continuous-variation.tex [52]
Chapter 4.

LaTeX Warning: Reference `ch:har' on page 53 undefined on input line 6.


LaTeX Warning: Reference `ch:features' on page 53 undefined on input line 7.


LaTeX Warning: Reference `ch:rv' on page 53 undefined on input line 11.


LaTeX Warning: Reference `eq:qv-with-jumps' on page 53 undefined on input line 
15.


LaTeX Warning: Reference `ch:rv' on page 53 undefined on input line 15.

[53]

LaTeX Warning: Reference `ch:rv' on page 54 undefined on input line 48.


LaTeX Warning: Reference `fig:jump-vs-diffusion' on page 54 undefined on input 
line 64.


Package natbib Warning: Citation `BNS2004' on page 54 undefined on input line 1
60.

[54]

LaTeX Warning: Reference `ch:har' on page 55 undefined on input line 189.


Package hyperref Warning: Token not allowed in a PDF string (Unicode):
(hyperref)                removing `math shift' on input line 193.


Package hyperref Warning: Token not allowed in a PDF string (Unicode):
(hyperref)                removing `\pi' on input line 193.


Package hyperref Warning: Token not allowed in a PDF string (Unicode):
(hyperref)                removing `math shift' on input line 193.

[55]

Package natbib Warning: Citation `BNS2004' on page 56 undefined on input line 2
19.


LaTeX Warning: Reference `fig:rv-vs-bpv' on page 56 undefined on input line 230
.

[56] [57]

Package natbib Warning: Citation `BNS2006' on page 58 undefined on input line 4
06.

[58]

Package natbib Warning: Citation `HuangTauchen2005' on page 59 undefined on inp
ut line 494.


Package natbib Warning: Citation `BNS2006' on page 59 undefined on input line 4
95.


Package natbib Warning: Citation `LeeMykland2008' on page 59 undefined on input
 line 506.

[59]

LaTeX Warning: Reference `ch:features' on page 60 undefined on input line 551.

[60]

Package natbib Warning: Citation `LeeMykland2008' on page 61 undefined on input
 line 554.


LaTeX Warning: Reference `fig:lm-detection' on page 61 undefined on input line 
562.


Overfull \hbox (3.97453pt too wide) in paragraph at lines 625--631
 [][] 

LaTeX Warning: Reference `ch:har' on page 61 undefined on input line 637.


LaTeX Warning: Reference `ch:features' on page 61 undefined on input line 638.


LaTeX Warning: Reference `ch:rv' on page 61 undefined on input line 648.


Package natbib Warning: Citation `AitSahaliaJacod2009' on page 61 undefined on 
input line 649.

[61]

Package natbib Warning: Citation `AitSahaliaJacod2009' on page 62 undefined on 
input line 686.


Package natbib Warning: Citation `AitSahaliaJacod2009' on page 62 undefined on 
input line 690.

[62]

LaTeX Warning: Reference `ch:har' on page 63 undefined on input line 716.


Package natbib Warning: Citation `CorsiPirinoReno2010' on page 63 undefined on 
input line 743.


Package natbib Warning: Citation `Mancini2009' on page 63 undefined on input li
ne 748.


Package natbib Warning: Citation `CorsiPirinoReno2010' on page 63 undefined on 
input line 749.

[63]

Package natbib Warning: Citation `CorsiPirinoReno2010' on page 64 undefined on 
input line 752.


LaTeX Warning: Reference `ch:har' on page 64 undefined on input line 770.


LaTeX Warning: Reference `fig:decomposition-pipeline' on page 64 undefined on i
nput line 785.


LaTeX Warning: Reference `ch:har' on page 64 undefined on input line 825.


Package natbib Warning: Citation `ABD2007' on page 64 undefined on input line 8
26.


Package natbib Warning: Citation `BKT2015' on page 64 undefined on input line 8
30.


Package natbib Warning: Citation `PSS2015' on page 64 undefined on input line 8
30.


LaTeX Warning: Reference `ch:har' on page 64 undefined on input line 832.


LaTeX Warning: Reference `ch:features' on page 64 undefined on input line 832.

[64]

Package natbib Warning: Citation `BNS2004' on page 65 undefined on input line 8
54.


Package natbib Warning: Citation `BNS2006' on page 65 undefined on input line 8
60.


Package natbib Warning: Citation `HuangTauchen2005' on page 65 undefined on inp
ut line 862.


Package natbib Warning: Citation `LeeMykland2008' on page 65 undefined on input
 line 864.

[65]

Package natbib Warning: Citation `AitSahaliaJacod2009' on page 66 undefined on 
input line 866.


Package natbib Warning: Citation `Mancini2009' on page 66 undefined on input li
ne 868.


Package natbib Warning: Citation `CorsiPirinoReno2010' on page 66 undefined on 
input line 868.


LaTeX Warning: Reference `ch:features' on page 66 undefined on input line 872.


Package natbib Warning: Citation `BKT2015' on page 66 undefined on input line 8
72.


Package natbib Warning: Citation `PSS2015' on page 66 undefined on input line 8
72.


LaTeX Warning: Reference `ch:har' on page 66 undefined on input line 874.


Overfull \hbox (1.3183pt too wide) in paragraph at lines 874--875
[]\OT1/cmr/m/n/10.95 The HAR-J and HAR-CJ mod-els (Chap-ter []) ex-ploit this d
e-com-po-si-tion di-rectly; Projects

Package natbib Warning: Citation `BNS2004' on page 66 undefined on input line 8
90.


Underfull \hbox (badness 10000) in paragraph at lines 892--892
[]|\OT1/cmr/m/n/10.95 Foundational es-ti-ma-tor

Package natbib Warning: Citation `BNS2006' on page 66 undefined on input line 8
94.


Package natbib Warning: Citation `LeeMykland2008' on page 66 undefined on input
 line 898.


Package natbib Warning: Citation `AitSahaliaJacod2009' on page 66 undefined on 
input line 902.


Underfull \hbox (badness 1226) in paragraph at lines 904--904
[]|\OT1/cmr/m/n/10.95 Alternative to BNS for

Underfull \hbox (badness 10000) in paragraph at lines 904--904
\OT1/cmr/m/n/10.95 noisy high-frequency

Package natbib Warning: Citation `CorsiPirinoReno2010' on page 66 undefined on 
input line 906.


Underfull \hbox (badness 1521) in paragraph at lines 907--907
[]|\OT1/cmr/m/n/10.95 Threshold-based HAR-CJ de-com-

Underfull \hbox (badness 2096) in paragraph at lines 907--907
\OT1/cmr/m/n/10.95 po-si-tion im-proves volatil-ity fore-

LaTeX Warning: Reference `ch:har' on page 66 undefined on input line 908.


Package natbib Warning: Citation `ABD2007' on page 66 undefined on input line 9
10.


Underfull \hbox (badness 2142) in paragraph at lines 911--911
\OT1/cmr/m/n/10.95 zero per-sis-tence; fore-cast-ing im-

Underfull \hbox (badness 10000) in paragraph at lines 912--913
[]|\OT1/cmr/m/n/10.95 Motivates the jump-

Underfull \hbox (badness 10000) in paragraph at lines 912--913
\OT1/cmr/m/n/10.95 continuous de-com-po-si-
) [66] [67] (chapters/05-garch-family.tex
Chapter 5.

LaTeX Warning: Reference `ch:har' on page 68 undefined on input line 8.


LaTeX Warning: Reference `ch:rv' on page 68 undefined on input line 14.


LaTeX Warning: Reference `ch:jumps' on page 68 undefined on input line 14.

[68]

Package natbib Warning: Citation `Engle1982' on page 69 undefined on input line
 105.

[69]

Package natbib Warning: Citation `bollerslev1986' on page 70 undefined on input
 line 219.

[70]

Package natbib Warning: Citation `engle1986' on page 71 undefined on input line
 272.

[71]

Package natbib Warning: Citation `hansen2005forecast' on page 72 undefined on i
nput line 344.


LaTeX Warning: Reference `sec:leverage' on page 72 undefined on input line 346.



Package natbib Warning: Citation `Black1976' on page 72 undefined on input line
 364.

[72]

Package natbib Warning: Citation `gjr1993' on page 73 undefined on input line 4
27.


LaTeX Warning: Reference `eq:garch11' on page 73 undefined on input line 438.


Package natbib Warning: Citation `hansen2005forecast' on page 73 undefined on i
nput line 501.

[73]

Package natbib Warning: Citation `nelson1991' on page 74 undefined on input lin
e 515.

[74]

Package natbib Warning: Citation `baillie1996' on page 75 undefined on input li
ne 586.


LaTeX Warning: Reference `ch:rough' on page 75 undefined on input line 639.

[75]

LaTeX Warning: Reference `ch:rv' on page 76 undefined on input line 654.


Overfull \hbox (5.75015pt too wide) in paragraph at lines 666--669
[]\OT1/cmr/m/n/10.95 The fol-low-ing di-a-gram shows how in-for-ma-tion flows i
n Re-al-ized GARCH ver-sus stan-dard GARCH.

Overfull \hbox (0.91876pt too wide) in paragraph at lines 710--711
 [] 

Package natbib Warning: Citation `hansen2012realized' on page 76 undefined on i
nput line 713.

[76]

Package natbib Warning: Citation `hansen2012realized' on page 77 undefined on i
nput line 782.


Package natbib Warning: Citation `shephard2010heavy' on page 77 undefined on in
put line 796.

[77]

LaTeX Warning: Reference `eq:heavy-rv' on page 78 undefined on input line 841.


Package natbib Warning: Citation `shephard2010heavy' on page 78 undefined on in
put line 849.


Underfull \hbox (badness 10000) in paragraph at lines 870--870
[]|\OT1/cmr/bx/n/10.95 Realized

Underfull \hbox (badness 7415) in paragraph at lines 874--875
[]|\OT1/cmr/m/n/10.95 Daily re-turns $+$

Underfull \hbox (badness 7415) in paragraph at lines 875--875
[]|\OT1/cmr/m/n/10.95 Daily re-turns $+$

Underfull \hbox (badness 1048) in paragraph at lines 882--883
[][]$ \OT1/cmr/m/n/10.95 via mea-sure-

Underfull \hbox (badness 7203) in paragraph at lines 883--883
[]|\OT1/cmr/m/n/10.95 Two: $\OML/cmm/m/it/10.95 ^^[[]$ \OT1/cmr/m/n/10.95 (re-

Underfull \hbox (badness 8019) in paragraph at lines 883--883
\OT1/cmr/m/n/10.95 turns) and $\OML/cmm/m/it/10.95 ^^V[]$

Underfull \hbox (badness 10000) in paragraph at lines 885--886
\OT1/cmr/m/n/10.95 needs GJR or

Underfull \hbox (badness 10000) in paragraph at lines 895--895
[]|\OT1/cmr/m/n/10.95 Equation-by-

Underfull \hbox (badness 2744) in paragraph at lines 895--895
\OT1/cmr/m/n/10.95 equation or joint

Underfull \hbox (badness 1442) in paragraph at lines 897--898
[]|\OT1/cmr/m/n/10.95 No in-tra-day data

Underfull \hbox (badness 10000) in paragraph at lines 898--899
[]|\OT1/cmr/m/n/10.95 Intraday data

Underfull \hbox (badness 1303) in paragraph at lines 898--899
\OT1/cmr/m/n/10.95 avail-able; want a

Underfull \hbox (badness 10000) in paragraph at lines 898--899
\OT1/cmr/m/n/10.95 sin-gle in-te-grated

Underfull \hbox (badness 10000) in paragraph at lines 899--900
[]|\OT1/cmr/m/n/10.95 Intraday data

Underfull \hbox (badness 10000) in paragraph at lines 899--900
\OT1/cmr/m/n/10.95 avail-able; want

Underfull \hbox (badness 10000) in paragraph at lines 899--900
\OT1/cmr/m/n/10.95 fast re-sponse to
[78]

Package natbib Warning: Citation `andersen1998' on page 79 undefined on input l
ine 908.


Package natbib Warning: Citation `Engle1982' on page 79 undefined on input line
 920.


Package natbib Warning: Citation `bollerslev1986' on page 79 undefined on input
 line 923.


Package natbib Warning: Citation `hansen2005forecast' on page 79 undefined on i
nput line 931.


Package natbib Warning: Citation `Black1976' on page 79 undefined on input line
 933.


Package natbib Warning: Citation `gjr1993' on page 79 undefined on input line 9
36.


Package natbib Warning: Citation `nelson1991' on page 79 undefined on input lin
e 939.


Package natbib Warning: Citation `baillie1996' on page 79 undefined on input li
ne 942.


Package natbib Warning: Citation `hansen2012realized' on page 79 undefined on i
nput line 945.


Package natbib Warning: Citation `shephard2010heavy' on page 79 undefined on in
put line 949.

[79]

LaTeX Warning: Reference `ch:har' on page 80 undefined on input line 954.


Package natbib Warning: Citation `Engle1982' on page 80 undefined on input line
 971.


Package natbib Warning: Citation `bollerslev1986' on page 80 undefined on input
 line 975.


Underfull \hbox (badness 1168) in paragraph at lines 976--978
[]|\OT1/cmr/m/n/10.95 Single mem-ory term re-places many

Package natbib Warning: Citation `Black1976' on page 80 undefined on input line
 979.


Underfull \hbox (badness 3396) in paragraph at lines 980--982
[]|\OT1/cmr/m/n/10.95 Negative re-turns in-crease volatil-ity

Package natbib Warning: Citation `gjr1993' on page 80 undefined on input line 9
83.


Package natbib Warning: Citation `nelson1991' on page 80 undefined on input lin
e 987.


Package natbib Warning: Citation `hansen2005forecast' on page 80 undefined on i
nput line 991.


Underfull \hbox (badness 2707) in paragraph at lines 992--994
[]|\OT1/cmr/m/n/10.95 Among 330 mod-els, no sig-nif-i-cant

Package natbib Warning: Citation `baillie1996' on page 80 undefined on input li
ne 995.


Package natbib Warning: Citation `hansen2012realized' on page 80 undefined on i
nput line 999.


Underfull \hbox (badness 1248) in paragraph at lines 1000--1002
[]|\OT1/cmr/m/n/10.95 Incorporating $[][]$ via mea-sure-ment

Underfull \hbox (badness 10000) in paragraph at lines 1000--1002
\OT1/cmr/m/n/10.95 equa-tion sub-stan-tially out-per-forms

Package natbib Warning: Citation `shephard2010heavy' on page 80 undefined on in
put line 1003.


Underfull \hbox (badness 1831) in paragraph at lines 1004--1006
\OT1/cmr/m/n/10.95 ment to regime changes; strongest
) (chapters/06-har-model.tex [80]
Chapter 6.

LaTeX Warning: Reference `ch:trees' on page 81 undefined on input line 6.


LaTeX Warning: Reference `ch:hybrid' on page 81 undefined on input line 6.


LaTeX Warning: Reference `ch:garch' on page 81 undefined on input line 11.


LaTeX Warning: Reference `ch:rv' on page 81 undefined on input line 13.


Package natbib Warning: Citation `Muller1993' on page 81 undefined on input lin
e 41.

[81]

LaTeX Warning: Reference `fig:hmh-diagram' on page 82 undefined on input line 5
3.


LaTeX Warning: Reference `sec:hmh' on page 82 undefined on input line 119.


Package natbib Warning: Citation `Corsi2009' on page 82 undefined on input line
 120.

[82]

Package natbib Warning: Citation `Corsi2009' on page 83 undefined on input line
 157.


LaTeX Warning: Reference `eq:rv-weekly' on page 83 undefined on input line 169.



LaTeX Warning: Reference `eq:rv-monthly' on page 83 undefined on input line 171
.


LaTeX Warning: Reference `ch:garch' on page 83 undefined on input line 179.


LaTeX Warning: Reference `sec:figarch' on page 83 undefined on input line 179.


Package natbib Warning: Citation `Corsi2009' on page 83 undefined on input line
 183.

[83]

LaTeX Warning: Reference `ch:rv' on page 84 undefined on input line 195.


LaTeX Warning: Reference `sec:rv-vs-rvol' on page 84 undefined on input line 19
5.


Package natbib Warning: Citation `Corsi2009' on page 84 undefined on input line
 203.


Overfull \hbox (47.61804pt too wide) detected at line 241
[][] \OT1/cmr/m/n/10.95 = []([][] + [][] + [][] + [][] + [][]) = [] = [] = 2\OM
L/cmm/m/it/10.95 :\OT1/cmr/m/n/10.95 06
[84]

LaTeX Warning: Reference `fig:har-cascade' on page 85 undefined on input line 2
66.


Overfull \hbox (62.18364pt too wide) in paragraph at lines 316--320
 [][] 

Package natbib Warning: Citation `Corsi2009' on page 85 undefined on input line
 320.


Package natbib Warning: Citation `Corsi2009' on page 85 undefined on input line
 320.


LaTeX Warning: Reference `ch:rv' on page 85 undefined on input line 331.


LaTeX Warning: Reference `eq:qv-with-jumps' on page 85 undefined on input line 
331.


Package natbib Warning: Citation `BNS2004' on page 85 undefined on input line 3
48.


LaTeX Warning: Reference `ch:jumps' on page 85 undefined on input line 348.

[85]

Package natbib Warning: Citation `ABD2007' on page 86 undefined on input line 3
63.


LaTeX Warning: Reference `eq:har' on page 86 undefined on input line 372.

[86]

Package natbib Warning: Citation `ABD2007' on page 87 undefined on input line 3
86.


Package natbib Warning: Citation `ABD2007' on page 87 undefined on input line 3
87.


Package natbib Warning: Citation `CorsiPirinoReno2010' on page 87 undefined on 
input line 394.


Package natbib Warning: Citation `CorsiPirinoReno2010' on page 87 undefined on 
input line 409.


LaTeX Warning: Reference `fig:har-cj-decomp' on page 87 undefined on input line
 428.

[87]

LaTeX Warning: Reference `ch:garch' on page 88 undefined on input line 505.


LaTeX Warning: Reference `sec:leverage' on page 88 undefined on input line 505.



Package natbib Warning: Citation `PSS2015' on page 88 undefined on input line 5
29.

[88]

Package natbib Warning: Citation `PSS2015' on page 89 undefined on input line 5
66.


LaTeX Warning: Reference `ch:rv' on page 89 undefined on input line 576.


LaTeX Warning: Reference `eq:rv-clt' on page 89 undefined on input line 579.


LaTeX Warning: Reference `ch:rv' on page 89 undefined on input line 579.

[89]

Package natbib Warning: Citation `BPQ2016' on page 90 undefined on input line 6
02.


Package natbib Warning: Citation `BPQ2016' on page 90 undefined on input line 6
08.


Package natbib Warning: Citation `BPQ2016' on page 90 undefined on input line 6
09.

[90]

Package natbib Warning: Citation `BPQ2016' on page 91 undefined on input line 6
86.


LaTeX Warning: Reference `ch:evaluation' on page 91 undefined on input line 688
.

[91]

Package natbib Warning: Citation `BollerslevEtAl2018' on page 92 undefined on i
nput line 734.


Package natbib Warning: Citation `AudrinoKnaus2016' on page 92 undefined on inp
ut line 737.

[92]

LaTeX Warning: Reference `ch:trees' on page 93 undefined on input line 770.


LaTeX Warning: Reference `ch:hybrid' on page 93 undefined on input line 770.


LaTeX Warning: Reference `def:rv-averages' on page 93 undefined on input line 7
83.


LaTeX Warning: Reference `sec:har-x' on page 93 undefined on input line 798.


LaTeX Warning: Reference `sec:hmh' on page 93 undefined on input line 800.

[93]

LaTeX Warning: Reference `eq:har-x' on page 94 undefined on input line 809.


Package natbib Warning: Citation `HoerlKennard1970' on page 94 undefined on inp
ut line 810.


LaTeX Warning: Reference `sec:har-hard-to-beat' on page 94 undefined on input l
ine 838.

[94]

LaTeX Warning: Reference `eq:ridge-har-objective' on page 95 undefined on input
 line 844.


LaTeX Warning: Reference `eq:har' on page 95 undefined on input line 867.

[95]

LaTeX Warning: Reference `sec:harq' on page 96 undefined on input line 910.


LaTeX Warning: Reference `fig:bias-variance-mse' on page 96 undefined on input 
line 920.

[96]

Package natbib Warning: Citation `HoerlKennard1970' on page 97 undefined on inp
ut line 961.


LaTeX Warning: Reference `ch:evaluation' on page 97 undefined on input line 981
.


LaTeX Warning: Reference `tab:ridge-vs-lasso' on page 97 undefined on input lin
e 1018.

[97]

LaTeX Warning: Reference `tab:ridge-vs-lasso' on page 98 undefined on input lin
e 1024.


LaTeX Warning: Reference `eq:ridge-har-closed-form' on page 98 undefined on inp
ut line 1037.


Overfull \hbox (21.74892pt too wide) in paragraph at lines 1031--1044
 [][] 

LaTeX Warning: Reference `sec:har-x' on page 98 undefined on input line 1047.


LaTeX Warning: Reference `sec:hmh' on page 98 undefined on input line 1050.

[98]

Package hyperref Warning: Token not allowed in a PDF string (Unicode):
(hyperref)                removing `math shift' on input line 1054.


Package hyperref Warning: Token not allowed in a PDF string (Unicode):
(hyperref)                removing `subscript' on input line 1054.


Package hyperref Warning: Token not allowed in a PDF string (Unicode):
(hyperref)                removing `math shift' on input line 1054.


Package hyperref Warning: Token not allowed in a PDF string (Unicode):
(hyperref)                removing `math shift' on input line 1054.


Package hyperref Warning: Token not allowed in a PDF string (Unicode):
(hyperref)                removing `subscript' on input line 1054.


Package hyperref Warning: Token not allowed in a PDF string (Unicode):
(hyperref)                removing `math shift' on input line 1054.


LaTeX Warning: Reference `tab:ridge-vs-lasso' on page 99 undefined on input lin
e 1056.


LaTeX Warning: Reference `fig:l1-l2-geometry' on page 99 undefined on input lin
e 1061.

[99]

Package natbib Warning: Citation `ZouHastie2005' on page 100 undefined on input
 line 1128.


LaTeX Warning: Reference `eq:ridge-har-objective' on page 100 undefined on inpu
t line 1139.


Package natbib Warning: Citation `ZouHastie2005' on page 100 undefined on input
 line 1151.


LaTeX Warning: Reference `sec:har-j' on page 100 undefined on input line 1157.


LaTeX Warning: Reference `sec:shar' on page 100 undefined on input line 1157.


LaTeX Warning: Reference `ch:trees' on page 100 undefined on input line 1158.

[100]

LaTeX Warning: Reference `sec:hmh' on page 101 undefined on input line 1167.


LaTeX Warning: Reference `ch:evaluation' on page 101 undefined on input line 11
69.


LaTeX Warning: Reference `sec:eval-purgedcv' on page 101 undefined on input lin
e 1169.


LaTeX Warning: Reference `eq:ridge-svd-shrinkage' on page 101 undefined on inpu
t line 1179.


LaTeX Warning: Reference `ch:evaluation' on page 101 undefined on input line 11
93.


LaTeX Warning: Reference `sec:har-model' on page 101 undefined on input line 11
94.

[101]

LaTeX Warning: Reference `ch:trees' on page 102 undefined on input line 1199.


LaTeX Warning: Reference `ch:hybrid' on page 102 undefined on input line 1199.


LaTeX Warning: Reference `ch:features' on page 102 undefined on input line 1226
.

[102]

LaTeX Warning: Reference `ch:evaluation' on page 103 undefined on input line 12
63.


Package natbib Warning: Citation `Muller1993' on page 103 undefined on input li
ne 1273.


Package natbib Warning: Citation `Corsi2009' on page 103 undefined on input lin
e 1275.


Overfull \hbox (108.95222pt too wide) in paragraph at lines 1275--1276
[]\OT1/cmr/m/n/10.95 The \OT1/cmr/bx/n/10.95 HAR model \OT1/cmr/m/n/10.95 (\OT1
/cmr/bx/n/10.95 ?\OT1/cmr/m/n/10.95 ) trans-lates this di-rectly into a re-gres
-sion: $[][] = \OML/cmm/m/it/10.95 ^^L[] \OT1/cmr/m/n/10.95 + \OML/cmm/m/it/10.
95 ^^L[] [][] \OT1/cmr/m/n/10.95 +\OML/cmm/m/it/10.95 ^^L[] [][] \OT1/cmr/m/n/1
0.95 +\OML/cmm/m/it/10.95 ^^L[] [][] \OT1/cmr/m/n/10.95 +\OML/cmm/m/it/10.95 "[
]$\OT1/cmr/m/n/10.95 ,

Package natbib Warning: Citation `ABD2007' on page 103 undefined on input line 
1281.


Package natbib Warning: Citation `CorsiPirinoReno2010' on page 103 undefined on
 input line 1283.


Package natbib Warning: Citation `PSS2015' on page 103 undefined on input line 
1285.


Package natbib Warning: Citation `BPQ2016' on page 103 undefined on input line 
1287.

[103]

Package natbib Warning: Citation `AudrinoKnaus2016' on page 104 undefined on in
put line 1289.


Package natbib Warning: Citation `Muller1993' on page 104 undefined on input li
ne 1313.


Package natbib Warning: Citation `Corsi2009' on page 104 undefined on input lin
e 1317.


Underfull \hbox (badness 10000) in paragraph at lines 1318--1320
\OT1/cmr/m/n/10.95 monthly RV) ap-prox-i-mate long-

Package natbib Warning: Citation `ABD2007' on page 104 undefined on input line 
1322.


Package natbib Warning: Citation `CorsiPirinoReno2010' on page 104 undefined on
 input line 1326.


Underfull \hbox (badness 1742) in paragraph at lines 1327--1328
[]|\OT1/cmr/m/n/10.95 Full con-tin-u-ous/jump de-com-po-si-tion

Underfull \hbox (badness 10000) in paragraph at lines 1329--1330
[]|\OT1/cmr/m/n/10.95 SHAR (semi-vari-

Package natbib Warning: Citation `PSS2015' on page 104 undefined on input line 
1330.


Underfull \hbox (badness 10000) in paragraph at lines 1333--1334
[]|\OT1/cmr/m/n/10.95 HARQ (mea-sure-

Package natbib Warning: Citation `BPQ2016' on page 104 undefined on input line 
1334.


Underfull \hbox (badness 4266) in paragraph at lines 1335--1336
[]|\OT1/cmr/m/n/10.95 Varying the daily co-ef-fi-cient with

Package natbib Warning: Citation `AudrinoKnaus2016' on page 104 undefined on in
put line 1338.


Underfull \hbox (badness 2050) in paragraph at lines 1339--1340
\OT1/cmr/m/n/10.95 dic-tors while pre-serv-ing core HAR

Underfull \hbox (badness 2020) in paragraph at lines 1339--1340
\OT1/cmr/m/n/10.95 struc-ture; pre-vents over-fit-ting with

Package natbib Warning: Citation `BollerslevEtAl2018' on page 104 undefined on 
input line 1342.


Underfull \hbox (badness 10000) in paragraph at lines 1343--1345
[]|\OT1/cmr/m/n/10.95 Large-scale HAR-X with

Underfull \hbox (badness 6758) in paragraph at lines 1343--1345
\OT1/cmr/m/n/10.95 macro/market pre-dic-tors; con-firms
) (chapters/07-rough-volatility.tex [104]
Chapter 7.

LaTeX Warning: Reference `ch:har' on page 105 undefined on input line 5.


LaTeX Warning: Reference `ch:garch' on page 105 undefined on input line 5.


LaTeX Warning: Reference `ch:har' on page 105 undefined on input line 11.


LaTeX Warning: Reference `ch:garch' on page 105 undefined on input line 12.


LaTeX Warning: Reference `sec:figarch' on page 105 undefined on input line 12.


Package natbib Warning: Citation `GJR2018' on page 105 undefined on input line 
17.


LaTeX Warning: Reference `sec:gamma-pnl' on page 105 undefined on input line 35
.

[105]

Package natbib Warning: Citation `RosenbaumZhang2022' on page 106 undefined on 
input line 47.


Package natbib Warning: Citation `MandelbrotVanNess1968' on page 106 undefined 
on input line 70.

[106]

LaTeX Warning: Reference `fig:hurst-paths' on page 107 undefined on input line 
109.

[107]

LaTeX Warning: Reference `fig:hurst-number-line' on page 108 undefined on input
 line 232.


Package natbib Warning: Citation `GJR2018' on page 108 undefined on input line 
291.


LaTeX Warning: Reference `ch:rv' on page 108 undefined on input line 291.


Package natbib Warning: Citation `GJR2018' on page 108 undefined on input line 
295.

[108]

LaTeX Warning: Reference `fig:hurst-paths' on page 109 undefined on input line 
301.


Package hyperref Warning: Token not allowed in a PDF string (Unicode):
(hyperref)                removing `math shift' on input line 303.


Package hyperref Warning: Token not allowed in a PDF string (Unicode):
(hyperref)                removing `math shift' on input line 303.


Package natbib Warning: Citation `GJR2018' on page 109 undefined on input line 
305.


LaTeX Warning: Reference `eq:fbm-variance' on page 109 undefined on input line 
305.


Package natbib Warning: Citation `GJR2018' on page 109 undefined on input line 
382.

[109]

LaTeX Warning: Reference `fig:variogram-loglog' on page 110 undefined on input 
line 387.


Package natbib Warning: Citation `BLP2022' on page 110 undefined on input line 
440.


Package natbib Warning: Citation `BLP2022' on page 110 undefined on input line 
441.


Package natbib Warning: Citation `GJR2018' on page 110 undefined on input line 
441.

[110]
Underfull \hbox (badness 1460) in paragraph at lines 462--465
[]\OT1/cmr/m/n/10.95 If $(\OML/cmm/m/it/10.95 X[]; [] ; X[]; X[]\OT1/cmr/m/n/10
.95 )$ is jointly Gaus-sian, the con-di-tional ex-pec-ta-tion $\U/msb/m/n/10.95
 E\OT1/cmr/m/n/10.95 [\OML/cmm/m/it/10.95 X[] \OMS/cmsy/m/n/10.95 j
[111]

LaTeX Warning: Reference `ch:har' on page 112 undefined on input line 506.


Package natbib Warning: Citation `Corsi2009' on page 112 undefined on input lin
e 535.

[112]

Package natbib Warning: Citation `BFG2016' on page 113 undefined on input line 
554.


Package natbib Warning: Citation `BFG2016' on page 113 undefined on input line 
560.


LaTeX Warning: Reference `ch:noise' on page 113 undefined on input line 580.


LaTeX Warning: Reference `sec:sampling-frequency' on page 113 undefined on inpu
t line 580.


Package natbib Warning: Citation `ContDas2024' on page 113 undefined on input l
ine 583.


Package natbib Warning: Citation `ContDas2024' on page 113 undefined on input l
ine 585.


LaTeX Warning: Reference `fig:noise-roughness' on page 113 undefined on input l
ine 591.


Package natbib Warning: Citation `ContDas2024' on page 113 undefined on input l
ine 671.


LaTeX Warning: Reference `ch:rv' on page 113 undefined on input line 674.


LaTeX Warning: Reference `eq:rv-clt' on page 113 undefined on input line 674.

[113]

Package natbib Warning: Citation `ContDas2024' on page 114 undefined on input l
ine 683.


LaTeX Warning: Reference `sec:universal-lstm' on page 114 undefined on input li
ne 685.


Package natbib Warning: Citation `RosenbaumZhang2022' on page 114 undefined on 
input line 704.

[114]

LaTeX Warning: Reference `ch:deeplearning' on page 115 undefined on input line 
712.


LaTeX Warning: Reference `sec:fact-or-artefact' on page 115 undefined on input 
line 727.


Package natbib Warning: Citation `RosenbaumZhang2022' on page 115 undefined on 
input line 732.


Package natbib Warning: Citation `BLP2022' on page 115 undefined on input line 
733.


Package natbib Warning: Citation `RosenbaumZhang2022' on page 115 undefined on 
input line 735.


LaTeX Warning: Reference `ch:deeplearning' on page 115 undefined on input line 
742.


LaTeX Warning: Reference `ch:evaluation' on page 115 undefined on input line 74
5.

[115]

Package natbib Warning: Citation `GJR2018' on page 116 undefined on input line 
758.


Package natbib Warning: Citation `BLP2022' on page 116 undefined on input line 
762.


Package natbib Warning: Citation `BFG2016' on page 116 undefined on input line 
768.


Package natbib Warning: Citation `ContDas2024' on page 116 undefined on input l
ine 770.


Package natbib Warning: Citation `RosenbaumZhang2022' on page 116 undefined on 
input line 774.


LaTeX Warning: Reference `ch:garch' on page 116 undefined on input line 778.


LaTeX Warning: Reference `sec:figarch' on page 116 undefined on input line 778.



LaTeX Warning: Reference `ch:har' on page 116 undefined on input line 778.


LaTeX Warning: Reference `ch:deeplearning' on page 116 undefined on input line 
778.


Package natbib Warning: Citation `GJR2018' on page 116 undefined on input line 
794.


Underfull \hbox (badness 10000) in paragraph at lines 797--798
[]|\OT1/cmr/m/n/10.95 Cross-asset uni-ver-

Package natbib Warning: Citation `BLP2022' on page 116 undefined on input line 
798.


Underfull \hbox (badness 1097) in paragraph at lines 799--800
[]|$\OML/cmm/m/it/10.95 H \OMS/cmsy/m/n/10.95 ^^Y \OT1/cmr/m/n/10.95 0\OML/cmm/
m/it/10.95 :\OT1/cmr/m/n/10.95 1$ is uni-ver-sal across as-set

Package natbib Warning: Citation `BFG2016' on page 116 undefined on input line 
802.


Underfull \hbox (badness 1590) in paragraph at lines 805--806
[]|\OT1/cmr/m/n/10.95 Roughness as arte-

Package natbib Warning: Citation `ContDas2024' on page 116 undefined on input l
ine 806.


Package natbib Warning: Citation `RosenbaumZhang2022' on page 116 undefined on 
input line 810.

[116]) [117] [118] (chapters/08-options-vol-surface.tex
Chapter 8.

LaTeX Warning: Reference `ch:features' on page 119 undefined on input line 5.


LaTeX Warning: Reference `ch:vrp' on page 119 undefined on input line 6.


Package natbib Warning: Citation `Gu2020' on page 119 undefined on input line 8
.


LaTeX Warning: Reference `ch:returns' on page 119 undefined on input line 27.

[119]

LaTeX Warning: Reference `ch:vrp' on page 120 undefined on input line 81.


LaTeX Warning: Reference `fig:payoff-diagrams' on page 120 undefined on input l
ine 84.

[120] [121]

Package natbib Warning: Citation `Black1973' on page 122 undefined on input lin
e 165.


Package natbib Warning: Citation `Black1973' on page 122 undefined on input lin
e 168.


LaTeX Warning: Reference `eq:bs-call' on page 122 undefined on input line 210.

[122]

LaTeX Warning: Reference `sec:implied-vol' on page 123 undefined on input line 
254.


LaTeX Warning: Reference `ch:returns' on page 123 undefined on input line 259.


LaTeX Warning: Reference `ch:garch' on page 123 undefined on input line 259.


LaTeX Warning: Reference `ch:rough' on page 123 undefined on input line 259.


LaTeX Warning: Reference `ch:jumps' on page 123 undefined on input line 259.

[123]

LaTeX Warning: Reference `fig:vega-profile' on page 124 undefined on input line
 289.


LaTeX Warning: Reference `sec:var-swap' on page 124 undefined on input line 342
.

[124]

LaTeX Warning: Reference `eq:bs-call' on page 125 undefined on input line 366.


Package natbib Warning: Citation `Rebonato2004' on page 125 undefined on input 
line 373.


LaTeX Warning: Reference `ch:vrp' on page 125 undefined on input line 387.


Package natbib Warning: Citation `Gu2020' on page 125 undefined on input line 3
88.


LaTeX Warning: Reference `ch:features' on page 125 undefined on input line 388.



LaTeX Warning: Reference `sec:black-scholes' on page 125 undefined on input lin
e 392.

[125]

Package natbib Warning: Citation `BrennerSubrahmanyam1988' on page 126 undefine
d on input line 427.

[126]

LaTeX Warning: Reference `fig:iv-smile-skew' on page 127 undefined on input lin
e 492.

[127]

LaTeX Warning: Reference `ch:garch' on page 128 undefined on input line 565.


LaTeX Warning: Reference `ch:har' on page 128 undefined on input line 565.


LaTeX Warning: Reference `fig:iv-term-structure' on page 128 undefined on input
 line 569.


Overfull \hbox (9.68346pt too wide) in paragraph at lines 611--615
 [][] 
[128] [129]

LaTeX Warning: Reference `ch:features' on page 130 undefined on input line 692.


[130]

LaTeX Warning: Reference `fig:iv-surface-3d' on page 131 undefined on input lin
e 702.


Package natbib Warning: Citation `GatheralJacquier2014' on page 131 undefined o
n input line 767.

[131]

Package natbib Warning: Citation `GatheralJacquier2014' on page 132 undefined o
n input line 795.

[132]

Package natbib Warning: Citation `GatheralJacquier2014' on page 133 undefined o
n input line 821.


Package natbib Warning: Citation `Cont2002' on page 133 undefined on input line
 834.


Package natbib Warning: Citation `Cont2002' on page 133 undefined on input line
 842.


LaTeX Warning: Reference `fig:pca-factors' on page 133 undefined on input line 
854.


Package natbib Warning: Citation `Cont2002' on page 133 undefined on input line
 894.


Package natbib Warning: Citation `Cont2002' on page 133 undefined on input line
 894.


LaTeX Warning: Reference `ch:features' on page 133 undefined on input line 900.



LaTeX Warning: Reference `sec:black-scholes' on page 133 undefined on input lin
e 909.

[133]

Package natbib Warning: Citation `Dupire1994' on page 134 undefined on input li
ne 916.

[134] [135]

LaTeX Warning: Reference `ch:features' on page 136 undefined on input line 1020
.


Package natbib Warning: Citation `BrittenJones2000' on page 136 undefined on in
put line 1036.


Package natbib Warning: Citation `BrittenJones2000' on page 136 undefined on in
put line 1044.


LaTeX Warning: Reference `ch:rv' on page 136 undefined on input line 1057.

[136]

LaTeX Warning: Reference `ch:vrp' on page 137 undefined on input line 1075.


Package natbib Warning: Citation `BrittenJones2000' on page 137 undefined on in
put line 1082.


Package natbib Warning: Citation `CBOE2019' on page 137 undefined on input line
 1084.

[137]

LaTeX Warning: Reference `eq:vix' on page 138 undefined on input line 1106.


LaTeX Warning: Reference `eq:model-free-var' on page 138 undefined on input lin
e 1106.


Package natbib Warning: Citation `Gu2020' on page 138 undefined on input line 1
115.


LaTeX Warning: Reference `ch:vrp' on page 138 undefined on input line 1136.


Package natbib Warning: Citation `Carr2009' on page 138 undefined on input line
 1137.

[138]

LaTeX Warning: Reference `sec:model-free' on page 139 undefined on input line 1
167.


LaTeX Warning: Reference `sec:vix' on page 139 undefined on input line 1168.


LaTeX Warning: Reference `ch:rv' on page 139 undefined on input line 1169.

[139]

Package natbib Warning: Citation `BrittenJones2000' on page 140 undefined on in
put line 1212.


Package natbib Warning: Citation `Carr2009' on page 140 undefined on input line
 1212.


LaTeX Warning: Reference `sec:model-free' on page 140 undefined on input line 1
214.


LaTeX Warning: Reference `eq:vix' on page 140 undefined on input line 1216.

[140]

LaTeX Warning: Reference `ch:vrp' on page 141 undefined on input line 1287.


LaTeX Warning: Reference `sec:vvix' on page 141 undefined on input line 1287.


LaTeX Warning: Reference `ch:vrp' on page 141 undefined on input line 1294.


LaTeX Warning: Reference `ch:features' on page 141 undefined on input line 1308
.


LaTeX Warning: Reference `ch:hybrid' on page 141 undefined on input line 1308.


Package natbib Warning: Citation `Gu2020' on page 141 undefined on input line 1
310.


LaTeX Warning: Reference `sec:butterfly-spread' on page 141 undefined on input 
line 1313.


LaTeX Warning: Reference `sec:pca-iv-surface' on page 141 undefined on input li
ne 1315.


LaTeX Warning: Reference `ch:vrp' on page 141 undefined on input line 1316.

[141]

Package natbib Warning: Citation `Black1973' on page 142 undefined on input lin
e 1329.


Package natbib Warning: Citation `Cont2002' on page 142 undefined on input line
 1336.


Package natbib Warning: Citation `BrittenJones2000' on page 142 undefined on in
put line 1337.


LaTeX Warning: Reference `ch:vrp' on page 142 undefined on input line 1339.


LaTeX Warning: Reference `ch:features' on page 142 undefined on input line 1340
.


LaTeX Warning: Reference `ch:volsurface' on page 142 undefined on input line 13
48.


Underfull \hbox (badness 10000) in paragraph at lines 1354--1354
[]|$\OML/cmm/m/it/10.95 C \OT1/cmr/m/n/10.95 = \OML/cmm/m/it/10.95 S\OT1/cmr/m/
n/10.95 ^^H(\OML/cmm/m/it/10.95 d[]\OT1/cmr/m/n/10.95 ) \OMS/cmsy/m/n/10.95 ^^@


Underfull \hbox (badness 10000) in paragraph at lines 1356--1357
[]|\OT1/cmr/m/n/10.95 Market-priced, forward-

Underfull \hbox (badness 4144) in paragraph at lines 1356--1357
\OT1/cmr/m/n/10.95 looking mea-sure of un-cer-

Underfull \hbox (badness 10000) in paragraph at lines 1358--1359
[]|\OT1/cmr/m/n/10.95 Reveals crash-risk pric-ing,

Underfull \hbox (badness 3291) in paragraph at lines 1358--1359
\OT1/cmr/m/n/10.95 fat-tail be-liefs, and mean-

Underfull \hbox (badness 6910) in paragraph at lines 1360--1360
[]|$[][] \OT1/cmr/m/n/10.95 = [](\OML/cmm/m/it/10.95 ^^[[] \OT1/cmr/m/n/10.95 +


Underfull \hbox (badness 7595) in paragraph at lines 1360--1361
\OT1/cmr/m/n/10.95 thog-o-nal to skew; crisis-

Underfull \hbox (badness 4531) in paragraph at lines 1364--1365
[]|\OT1/cmr/m/n/10.95 Extracts ex-pected vari-ance
) (chapters/09-variance-risk-premium.tex [142] [143]
Chapter 9.

LaTeX Warning: Reference `ch:volsurface' on page 144 undefined on input line 5.



LaTeX Warning: Reference `ch:rv' on page 144 undefined on input line 5.


Package natbib Warning: Citation `BTZ2009' on page 144 undefined on input line 
6.


LaTeX Warning: Reference `ch:features' on page 144 undefined on input line 7.


LaTeX Warning: Reference `ch:volsurface' on page 144 undefined on input line 15
.

[144]

LaTeX Warning: Reference `ch:rv' on page 145 undefined on input line 59.


LaTeX Warning: Reference `sec:vix' on page 145 undefined on input line 80.


LaTeX Warning: Reference `ch:volsurface' on page 145 undefined on input line 80
.


LaTeX Warning: Reference `ch:har' on page 145 undefined on input line 84.

[145]

Package natbib Warning: Citation `BTZ2009' on page 146 undefined on input line 
105.


Package natbib Warning: Citation `BekaertHoerova2014' on page 146 undefined on 
input line 106.

[146]

Package natbib Warning: Citation `DrechslerYaron2011' on page 147 undefined on 
input line 176.


Package natbib Warning: Citation `DrechslerYaron2011' on page 147 undefined on 
input line 186.


Package natbib Warning: Citation `BTZ2009' on page 147 undefined on input line 
199.

[147]

Package natbib Warning: Citation `BTZ2009' on page 148 undefined on input line 
206.


Package natbib Warning: Citation `BTZ2009' on page 148 undefined on input line 
208.

[148]

Package natbib Warning: Citation `BTZ2009' on page 149 undefined on input line 
266.


LaTeX Warning: Reference `ch:features' on page 149 undefined on input line 269.



LaTeX Warning: Reference `ch:har' on page 149 undefined on input line 272.


Package natbib Warning: Citation `BekaertHoerova2014' on page 149 undefined on 
input line 287.


LaTeX Warning: Reference `eq:vrp-theoretical' on page 149 undefined on input li
ne 294.

[149]

Package natbib Warning: Citation `BekaertHoerova2014' on page 150 undefined on 
input line 309.


Package natbib Warning: Citation `BekaertHoerova2014' on page 150 undefined on 
input line 310.


Package natbib Warning: Citation `BTZ2009' on page 150 undefined on input line 
312.


Package natbib Warning: Citation `BollerslevTodorov2015' on page 150 undefined 
on input line 321.


Package natbib Warning: Citation `BollerslevTodorov2015' on page 150 undefined 
on input line 323.


Package natbib Warning: Citation `BollerslevTodorov2015' on page 150 undefined 
on input line 334.

[150]

LaTeX Warning: Reference `ch:jumps' on page 151 undefined on input line 345.


LaTeX Warning: Reference `ch:volsurface' on page 151 undefined on input line 35
5.


LaTeX Warning: Reference `sec:var-swap' on page 151 undefined on input line 355
.


LaTeX Warning: Reference `sec:vrp-definition' on page 151 undefined on input li
ne 355.

[151]

LaTeX Warning: Reference `eq:daily-gamma-pnl' on page 152 undefined on input li
ne 409.


LaTeX Warning: Reference `eq:cumulative-gamma-pnl' on page 152 undefined on inp
ut line 409.

[152]

LaTeX Warning: Reference `fig:gamma-pnl-payoff' on page 153 undefined on input 
line 433.

[153]

LaTeX Warning: Reference `sec:vol-targeting' on page 154 undefined on input lin
e 548.


LaTeX Warning: Reference `ch:volsurface' on page 154 undefined on input line 56
4.


LaTeX Warning: Reference `ch:volsurface' on page 154 undefined on input line 56
6.


Package natbib Warning: Citation `CBOE2019' on page 154 undefined on input line
 572.


LaTeX Warning: Reference `ch:volsurface' on page 154 undefined on input line 58
1.

[154]

LaTeX Warning: Reference `eq:vvix-single-term' on page 155 undefined on input l
ine 612.


LaTeX Warning: Reference `eq:vvix-interp' on page 155 undefined on input line 6
14.


LaTeX Warning: Reference `ch:rv' on page 155 undefined on input line 627.

[155]

LaTeX Warning: Reference `ch:rv' on page 156 undefined on input line 639.


LaTeX Warning: Reference `ch:features' on page 156 undefined on input line 643.



LaTeX Warning: Reference `fig:vix-vs-rv' on page 156 undefined on input line 65
5.


Package natbib Warning: Citation `Carr2009' on page 156 undefined on input line
 728.


Package hyperref Warning: Token not allowed in a PDF string (Unicode):
(hyperref)                removing `math shift' on input line 740.


Package hyperref Warning: Token not allowed in a PDF string (Unicode):
(hyperref)                removing `math shift' on input line 740.


Package natbib Warning: Citation `Fouhy2024' on page 156 undefined on input lin
e 742.

[156]

Package natbib Warning: Citation `Fouhy2024' on page 157 undefined on input lin
e 752.


LaTeX Warning: Reference `ch:features' on page 157 undefined on input line 753.



LaTeX Warning: Reference `ch:applications' on page 157 undefined on input line 
753.


LaTeX Warning: Reference `fig:vrp-pipeline' on page 157 undefined on input line
 757.


LaTeX Warning: Reference `ch:applications' on page 157 undefined on input line 
814.

[157] [158]

LaTeX Warning: Reference `ch:features' on page 159 undefined on input line 819.



Package natbib Warning: Citation `Carr2009' on page 159 undefined on input line
 833.


Package natbib Warning: Citation `DrechslerYaron2011' on page 159 undefined on 
input line 837.


Package natbib Warning: Citation `BTZ2009' on page 159 undefined on input line 
839.


Package natbib Warning: Citation `BekaertHoerova2014' on page 159 undefined on 
input line 843.


Package natbib Warning: Citation `BollerslevTodorov2015' on page 159 undefined 
on input line 845.


LaTeX Warning: Reference `ch:rv' on page 159 undefined on input line 849.


LaTeX Warning: Reference `fig:vix-vs-rv' on page 159 undefined on input line 85
1.


Package natbib Warning: Citation `Fouhy2024' on page 159 undefined on input lin
e 853.


LaTeX Warning: Reference `ch:features' on page 159 undefined on input line 853.



LaTeX Warning: Reference `ch:applications' on page 159 undefined on input line 
855.


Package natbib Warning: Citation `BekaertHoerova2014' on page 159 undefined on 
input line 859.


Package natbib Warning: Citation `BTZ2009' on page 159 undefined on input line 
874.


Package natbib Warning: Citation `DrechslerYaron2011' on page 159 undefined on 
input line 878.


Underfull \hbox (badness 10000) in paragraph at lines 879--879
[]|\OT1/cmr/m/n/10.95 Long-run risk model with

Underfull \hbox (badness 3240) in paragraph at lines 879--879
\OT1/cmr/m/n/10.95 Epstein-Zin pref-er-ences gen-er-

Underfull \hbox (badness 1168) in paragraph at lines 879--879
\OT1/cmr/m/n/10.95 ates a pos-i-tive VRP in equi-

Underfull \hbox (badness 10000) in paragraph at lines 879--879
\OT1/cmr/m/n/10.95 lib-rium through time-varying

Underfull \hbox (badness 5637) in paragraph at lines 880--880
[]|\OT1/cmr/m/n/10.95 Provides the the-o-ret-i-cal

Package natbib Warning: Citation `BekaertHoerova2014' on page 159 undefined on 
input line 882.


Underfull \hbox (badness 1057) in paragraph at lines 884--884
\OT1/cmr/m/n/10.95 drives re-turn pre-dictabil-

Package natbib Warning: Citation `BollerslevTodorov2015' on page 159 undefined 
on input line 886.


Underfull \hbox (badness 1152) in paragraph at lines 887--887
[]|\OT1/cmr/m/n/10.95 Decompose VRP into normal-

Underfull \hbox (badness 1259) in paragraph at lines 887--887
\OT1/cmr/m/n/10.95 the tail pre-mium drives most

Package natbib Warning: Citation `Carr2009' on page 159 undefined on input line
 890.


Underfull \hbox (badness 1062) in paragraph at lines 891--891
\OT1/cmr/m/n/10.95 work for vari-ance risk pre-mia

Underfull \hbox (badness 2837) in paragraph at lines 892--892
[]|\OT1/cmr/m/n/10.95 Quantifies the fre-quency

Package natbib Warning: Citation `Fouhy2024' on page 159 undefined on input lin
e 894.


Underfull \hbox (badness 7221) in paragraph at lines 895--895
\OT1/cmr/m/n/10.95 to-RV-to-VRP pipeline; ML-

Underfull \hbox (badness 1137) in paragraph at lines 895--895
\OT1/cmr/m/n/10.95 based $\U/msb/m/n/10.95 P$\OT1/cmr/m/n/10.95 -measure fore-c
asts im-

LaTeX Warning: Reference `ch:features' on page 159 undefined on input line 896.



LaTeX Warning: Reference `ch:applications' on page 159 undefined on input line 
896.


Underfull \hbox (badness 7291) in paragraph at lines 896--897
[]|\OT1/cmr/m/n/10.95 Connects VRP to ML

Underfull \hbox (badness 2932) in paragraph at lines 896--897
\OT1/cmr/m/n/10.95 meth-ods used in Chap-
) [159] [160] [161] (chapters/10-feature-engineering.tex
Chapter 10.

LaTeX Warning: Reference `ch:returns' on page 162 undefined on input line 8.


LaTeX Warning: Reference `ch:vrp' on page 162 undefined on input line 8.


LaTeX Warning: Reference `ch:trees' on page 162 undefined on input line 8.


LaTeX Warning: Reference `ch:hybrid' on page 162 undefined on input line 8.


LaTeX Warning: Reference `fig:feature-taxonomy' on page 162 undefined on input 
line 24.


Overfull \hbox (364.59528pt too wide) in paragraph at lines 59--60
 [][] 

LaTeX Warning: Reference `fig:feature-pipeline' on page 162 undefined on input 
line 64.

[162]
Overfull \hbox (13.38208pt too wide) in paragraph at lines 89--90
 [][] 
[163]

LaTeX Warning: Reference `ch:har' on page 164 undefined on input line 156.

[164]

LaTeX Warning: Reference `eq:signed-jumps' on page 165 undefined on input line 
190.


LaTeX Warning: Reference `eq:rskew' on page 165 undefined on input line 190.


LaTeX Warning: Reference `eq:ofi' on page 165 undefined on input line 190.


LaTeX Warning: Reference `sec:feat-signed' on page 165 undefined on input line 
200.

[165]

LaTeX Warning: Reference `ch:garch' on page 166 undefined on input line 204.


LaTeX Warning: Reference `sec:feat-triple' on page 166 undefined on input line 
204.


LaTeX Warning: Reference `ch:rv' on page 166 undefined on input line 232.

[166]

Package natbib Warning: Citation `BollerslevPattonQuaedvlieg2016HARQ' on page 1
67 undefined on input line 260.


LaTeX Warning: Reference `ch:har' on page 167 undefined on input line 263.


Package natbib Warning: Citation `BollerslevPattonQuaedvlieg2016HARQ' on page 1
67 undefined on input line 273.

[167]

LaTeX Warning: Reference `ch:garch' on page 168 undefined on input line 293.


LaTeX Warning: Reference `ch:har' on page 168 undefined on input line 317.


Package natbib Warning: Citation `PattonSheppard2015' on page 168 undefined on 
input line 319.

[168]

LaTeX Warning: Reference `ch:jumps' on page 169 undefined on input line 325.


LaTeX Warning: Reference `ch:jumps' on page 169 undefined on input line 331.


Package natbib Warning: Citation `BollerslevLiPattonQuaedvlieg2020' on page 169
 undefined on input line 347.


LaTeX Warning: Reference `ch:multivariate' on page 169 undefined on input line 
348.

[169] [170] [171]

Package natbib Warning: Citation `EasleyLopezOHara2012' on page 172 undefined o
n input line 514.

[172]

Package natbib Warning: Citation `Kyle1985' on page 173 undefined on input line
 546.

[173]

Package natbib Warning: Citation `Amihud2002' on page 174 undefined on input li
ne 588.


Package natbib Warning: Citation `Kyle1985' on page 174 undefined on input line
 609.

[174]

Package natbib Warning: Citation `CarteaJaimungalPenalva2015' on page 175 undef
ined on input line 624.

[175]

Package natbib Warning: Citation `ContKukanovStoikov2014' on page 176 undefined
 on input line 665.


Package natbib Warning: Citation `ContKukanovStoikov2014' on page 176 undefined
 on input line 689.


LaTeX Warning: Reference `sec:feat-micro' on page 176 undefined on input line 6
98.

[176]

LaTeX Warning: Reference `ch:volsurface' on page 177 undefined on input line 74
6.


LaTeX Warning: Reference `ch:vrp' on page 177 undefined on input line 746.

[177] [178]

LaTeX Warning: Reference `ch:vrp' on page 179 undefined on input line 791.


LaTeX Warning: Reference `ch:vrp' on page 179 undefined on input line 810.


Package natbib Warning: Citation `Bennett2014' on page 179 undefined on input l
ine 827.

[179]

Package natbib Warning: Citation `DieboldYilmaz2012' on page 180 undefined on i
nput line 880.

[180]

LaTeX Warning: Reference `ch:rough' on page 181 undefined on input line 916.


Package natbib Warning: Citation `LopezdePrado2018AFML' on page 181 undefined o
n input line 921.

[181]

LaTeX Warning: Reference `ch:rough' on page 182 undefined on input line 991.


Overfull \hbox (4.90732pt too wide) detected at line 1001
\OML/cmm/m/it/10.95 w[] \OT1/cmr/m/n/10.95 = 1\OML/cmm/m/it/10.95 ;  w[] \OT1/c
mr/m/n/10.95 = \OMS/cmsy/m/n/10.95 ^^@\OT1/cmr/m/n/10.95 0\OML/cmm/m/it/10.95 :
\OT1/cmr/m/n/10.95 4\OML/cmm/m/it/10.95 ;  w[] \OT1/cmr/m/n/10.95 = [] = 0\OML/
cmm/m/it/10.95 :\OT1/cmr/m/n/10.95 28\OML/cmm/m/it/10.95 ;  w[] \OT1/cmr/m/n/10
.95 = [] = \OMS/cmsy/m/n/10.95 ^^@\OT1/cmr/m/n/10.95 0\OML/cmm/m/it/10.95 :\OT1
/cmr/m/n/10.95 224\OML/cmm/m/it/10.95 ;  []
[182] [183] [184]
Overfull \hbox (10.34494pt too wide) in paragraph at lines 1075--1079
\OT1/cmr/m/n/10.95 prints are as-so-ci-ated with el-e-vated re-al-ized volatil-
ity. En-code these as bi-nary dum-mies: $\OT1/cmr/bx/n/10.95 1\OT1/cmr/m/n/10.9
5 ([][])$,
[185] [186]

Package natbib Warning: Citation `AudrinoSignristBallinari2020' on page 187 und
efined on input line 1238.


LaTeX Warning: Reference `sec:feat-signed' on page 187 undefined on input line 
1239.

[187]

Package natbib Warning: Citation `RahimikiaZohrenPoon2021' on page 188 undefine
d on input line 1241.


Package natbib Warning: Citation `AudrinoSignristBallinari2020' on page 188 und
efined on input line 1244.


Package natbib Warning: Citation `RahimikiaZohrenPoon2021' on page 188 undefine
d on input line 1244.


LaTeX Warning: Reference `ch:trees' on page 188 undefined on input line 1263.


LaTeX Warning: Reference `ch:hybrid' on page 188 undefined on input line 1263.

[188]

Package natbib Warning: Citation `ChristensenSiggaardVeliyev2023' on page 189 u
ndefined on input line 1353.

[189]

LaTeX Warning: Reference `ch:evaluation' on page 190 undefined on input line 13
82.


LaTeX Warning: Reference `sec:eval-purgedcv' on page 190 undefined on input lin
e 1382.

[190]

Package natbib Warning: Citation `BollerslevPattonQuaedvlieg2016HARQ' on page 1
91 undefined on input line 1436.


LaTeX Warning: Reference `eq:signed-magnitude' on page 191 undefined on input l
ine 1438.


Overfull \hbox (21.08702pt too wide) in paragraph at lines 1448--1448
[]\OT1/cmr/bx/n/14.4 Proving a Fea-ture Adds Value: The Incremental-Information

[191]

LaTeX Warning: Reference `sec:feat-importance' on page 192 undefined on input l
ine 1455.


LaTeX Warning: Reference `eq:rv-d' on page 192 undefined on input line 1462.


LaTeX Warning: Reference `eq:rv-m' on page 192 undefined on input line 1462.


LaTeX Warning: Reference `ch:evaluation' on page 192 undefined on input line 14
76.


LaTeX Warning: Reference `sec:eval-purgedcv' on page 192 undefined on input lin
e 1476.

[192]

LaTeX Warning: Reference `ch:evaluation' on page 193 undefined on input line 14
87.


LaTeX Warning: Reference `ch:evaluation' on page 193 undefined on input line 14
91.


LaTeX Warning: Reference `eq:shap' on page 193 undefined on input line 1494.


LaTeX Warning: Reference `fig:feature-importance' on page 193 undefined on inpu
t line 1494.


LaTeX Warning: Reference `eq:shap' on page 193 undefined on input line 1494.


LaTeX Warning: Reference `sec:feat-importance' on page 193 undefined on input l
ine 1494.

[193]

LaTeX Warning: Reference `eq:incremental-qlike' on page 194 undefined on input 
line 1521.


LaTeX Warning: Reference `ch:evaluation' on page 194 undefined on input line 15
21.


LaTeX Warning: Reference `sec:eval-dm' on page 194 undefined on input line 1521
.


Package natbib Warning: Citation `DieboldMariano1995' on page 194 undefined on 
input line 1521.


LaTeX Warning: Reference `ch:evaluation' on page 194 undefined on input line 15
21.


LaTeX Warning: Reference `eq:dm-stat' on page 194 undefined on input line 1521.



LaTeX Warning: Reference `sec:feat-diminishing' on page 194 undefined on input 
line 1524.


LaTeX Warning: Reference `eq:incremental-qlike' on page 194 undefined on input 
line 1536.


LaTeX Warning: Reference `eq:ic' on page 194 undefined on input line 1539.


Overfull \hbox (139.81241pt too wide) in paragraph at lines 1532--1542
 [][] 

LaTeX Warning: Reference `tab:horizon-dominant' on page 194 undefined on input 
line 1553.

[194]

Package natbib Warning: Citation `ChristensenSiggaardVeliyev2023' on page 195 u
ndefined on input line 1631.


Package natbib Warning: Citation `ChristensenSiggaardVeliyev2023' on page 195 u
ndefined on input line 1631.


LaTeX Warning: Reference `fig:diminishing-returns-ch10' on page 195 undefined o
n input line 1636.

[195]

LaTeX Warning: Reference `tab:horizon-dominant' on page 196 undefined on input 
line 1650.


Package natbib Warning: Citation `ChristensenSiggaardVeliyev2023' on page 196 u
ndefined on input line 1654.


Package natbib Warning: Citation `HARdToBeat2024' on page 196 undefined on inpu
t line 1654.


Package natbib Warning: Citation `ChristensenSiggaardVeliyev2023' on page 196 u
ndefined on input line 1654.


Package natbib Warning: Citation `HARdToBeat2024' on page 196 undefined on inpu
t line 1654.


Overfull \hbox (1.11612pt too wide) in paragraph at lines 1657--1666
 [][] 

Package natbib Warning: Citation `HARdToBeat2024' on page 196 undefined on inpu
t line 1669.


Package natbib Warning: Citation `ChristensenSiggaardVeliyev2023' on page 196 u
ndefined on input line 1673.

[196]

Package natbib Warning: Citation `HARdToBeat2024' on page 197 undefined on inpu
t line 1680.


Package natbib Warning: Citation `BollerslevPattonQuaedvlieg2016HARQ' on page 1
97 undefined on input line 1704.


Package natbib Warning: Citation `PattonSheppard2015' on page 197 undefined on 
input line 1706.


LaTeX Warning: Reference `ch:jumps' on page 197 undefined on input line 1708.


Package natbib Warning: Citation `DieboldYilmaz2012' on page 197 undefined on i
nput line 1716.

[197]

Package natbib Warning: Citation `LopezdePrado2018AFML' on page 198 undefined o
n input line 1718.


LaTeX Warning: Reference `ch:rough' on page 198 undefined on input line 1720.


Package natbib Warning: Citation `AudrinoSignristBallinari2020' on page 198 und
efined on input line 1724.


Package natbib Warning: Citation `RahimikiaZohrenPoon2021' on page 198 undefine
d on input line 1724.


Package natbib Warning: Citation `ChristensenSiggaardVeliyev2023' on page 198 u
ndefined on input line 1726.


LaTeX Warning: Reference `ch:features' on page 198 undefined on input line 1729
.


Underfull \hbox (badness 4036) in paragraph at lines 1737--1737
[]|\OT1/cmr/m/n/10.95 Leverage ef-fect, $[][]$ $\OMS/cmsy/m/n/10.95 ^^Y$ \OT1/c
mr/m/n/10.95 2$\OMS/cmsy/m/n/10.95 ^^B$

Underfull \hbox (badness 5077) in paragraph at lines 1741--1741
[]|\OT1/cmr/m/n/10.95 Forward-looking; VRP, skew,

Underfull \hbox (badness 10000) in paragraph at lines 1743--1743
[]|\OT1/cmr/m/n/10.95 Stationarity with mem-ory
) (chapters/11-tree-methods-vol.tex [198]
Chapter 11.

LaTeX Warning: Reference `ch:har' on page 199 undefined on input line 13.


LaTeX Warning: Reference `ch:features' on page 199 undefined on input line 20.


Package natbib Warning: Citation `GuKellyXiu2020' on page 199 undefined on inpu
t line 26.


LaTeX Warning: Reference `ch:har' on page 199 undefined on input line 32.


LaTeX Warning: Reference `ch:evaluation' on page 199 undefined on input line 46
.


LaTeX Warning: Reference `ch:features' on page 199 undefined on input line 52.


LaTeX Warning: Reference `ch:features' on page 199 undefined on input line 60.

[199]

LaTeX Warning: Reference `ch:har' on page 200 undefined on input line 137.


LaTeX Warning: Reference `sec:trees:gbm' on page 200 undefined on input line 14
3.


Package natbib Warning: Citation `Breiman1984' on page 200 undefined on input l
ine 153.

[200]

LaTeX Warning: Reference `sec:trees:gbm' on page 201 undefined on input line 23
6.

[201]

LaTeX Warning: Reference `eq:trees:cart_split' on page 202 undefined on input l
ine 242.


LaTeX Warning: Reference `sec:trees:why' on page 202 undefined on input line 24
3.


LaTeX Warning: Reference `ch:har' on page 202 undefined on input line 245.


LaTeX Warning: Reference `sec:trees:hyperparams' on page 202 undefined on input
 line 266.


LaTeX Warning: Reference `sec:trees:gbm' on page 202 undefined on input line 27
5.


Package amsmath Warning: Foreign command \atop;
(amsmath)                \frac or \genfrac should be used instead
(amsmath)                 on input line 286.

[202]

LaTeX Warning: Reference `eq:trees:rf_variance' on page 203 undefined on input 
line 361.


LaTeX Warning: Reference `ch:har' on page 203 undefined on input line 371.


LaTeX Warning: Reference `ch:features' on page 203 undefined on input line 373.



LaTeX Warning: Reference `sec:trees:hyperparams' on page 203 undefined on input
 line 376.

[203]

LaTeX Warning: Reference `eq:trees:bootstrap632' on page 204 undefined on input
 line 383.


LaTeX Warning: Reference `sec:trees:hyperparams' on page 204 undefined on input
 line 397.


LaTeX Warning: Reference `sec:eval-purgedcv' on page 204 undefined on input lin
e 401.


LaTeX Warning: Reference `ch:evaluation' on page 204 undefined on input line 40
1.

[204]

LaTeX Warning: Reference `ch:features' on page 205 undefined on input line 514.



LaTeX Warning: Reference `ch:evaluation' on page 205 undefined on input line 52
4.


Package natbib Warning: Citation `AudrinoKnaus2016' on page 205 undefined on in
put line 525.

[205]

Package natbib Warning: Citation `AudrinoKnaus2016' on page 206 undefined on in
put line 550.

[206]

LaTeX Warning: Reference `ch:har' on page 207 undefined on input line 618.


LaTeX Warning: Reference `ch:features' on page 207 undefined on input line 653.



LaTeX Warning: Reference `ch:evaluation' on page 207 undefined on input line 65
6.


LaTeX Warning: Reference `ch:evaluation' on page 207 undefined on input line 67
6.

[207]

LaTeX Warning: Reference `ch:features' on page 208 undefined on input line 694.



LaTeX Warning: Reference `sec:feat-importance' on page 208 undefined on input l
ine 695.


LaTeX Warning: Reference `eq:shap' on page 208 undefined on input line 698.


LaTeX Warning: Reference `eq:ale' on page 208 undefined on input line 701.


LaTeX Warning: Reference `ch:features' on page 208 undefined on input line 707.



LaTeX Warning: Reference `sec:trees:hyperparams' on page 208 undefined on input
 line 709.


LaTeX Warning: Reference `eq:shap' on page 208 undefined on input line 711.


LaTeX Warning: Reference `ch:features' on page 208 undefined on input line 716.



LaTeX Warning: Reference `ch:features' on page 208 undefined on input line 723.



Package natbib Warning: Citation `Lundberg2017' on page 208 undefined on input 
line 727.


Package natbib Warning: Citation `Lundberg2020' on page 208 undefined on input 
line 729.

[208]

LaTeX Warning: Reference `sec:trees:hyperparams' on page 209 undefined on input
 line 763.


LaTeX Warning: Reference `sec:trees:gbm' on page 209 undefined on input line 76
6.


LaTeX Warning: Reference `fig:feature-importance' on page 209 undefined on inpu
t line 779.


LaTeX Warning: Reference `ch:features' on page 209 undefined on input line 779.



Underfull \hbox (badness 10000) in paragraph at lines 778--785
[]\OT1/cmr/m/n/10.95 TreeSHAP makes the SHAP feature-importance plot in Fig-ure
 [] (Chap-

Underfull \hbox (badness 5403) in paragraph at lines 778--785
\OT1/cmr/m/n/10.95 ter []) a one-line, seconds-long com-pu-ta-tion on your Ligh
t-GBM fore-caster:

Underfull \hbox (badness 2111) in paragraph at lines 778--785
\OT1/cmtt/m/n/10.95 shap.TreeExplainer(model).shap[]values(X)\OT1/cmr/m/n/10.95
 . Be-cause it is ex-act, it re-moves a

Underfull \hbox (badness 10000) in paragraph at lines 812--813
[]|\OT1/cmr/bx/n/10.95 Beeswarm

Underfull \hbox (badness 10000) in paragraph at lines 813--814
[]|\OT1/cmr/m/n/10.95 Global, all

Underfull \hbox (badness 2012) in paragraph at lines 814--816
\OT1/cmr/m/n/10.95 (red high, blue low);

Underfull \hbox (badness 10000) in paragraph at lines 816--817
\OT1/cmr/m/n/10.95 which di-rec-tion (does

Underfull \hbox (badness 10000) in paragraph at lines 819--820
[]|\OT1/cmr/m/n/10.95 Per-

Underfull \hbox (badness 10000) in paragraph at lines 819--820
\OT1/cmr/m/n/10.95 observation

Underfull \hbox (badness 10000) in paragraph at lines 822--823
[]|\OT1/cmr/m/n/10.95 Reveal non-lin-ear-

Underfull \hbox (badness 10000) in paragraph at lines 822--823
\OT1/cmr/m/n/10.95 ity/thresholds in a

Underfull \hbox (badness 10000) in paragraph at lines 822--823
\OT1/cmr/m/n/10.95 way in-ter-ac-tions (e.g.

Underfull \hbox (badness 4254) in paragraph at lines 822--823
\OT1/cmr/m/n/10.95 lagged $[]$ $\OMS/cmsy/m/n/10.95 ^^B$ \OT1/cmr/m/n/10.95 im-
plied

Underfull \hbox (badness 1231) in paragraph at lines 826--828
\OT1/cmr/m/n/10.95 base value $\U/msb/m/n/10.95 E\OT1/cmr/m/n/10.95 [\OML/cmm/m
/it/10.95 f\OT1/cmr/m/n/10.95 (\OT1/cmr/bx/n/10.95 x\OT1/cmr/m/n/10.95 )]$ to

Underfull \hbox (badness 1783) in paragraph at lines 828--829
[]|\OT1/cmr/m/n/10.95 Explain \OT1/cmr/m/it/10.95 one \OT1/cmr/m/n/10.95 pre-di
c-tion

Underfull \hbox (badness 2426) in paragraph at lines 832--833
[]|\OT1/cmr/m/n/10.95 The same de-com-po-si-

Underfull \hbox (badness 1874) in paragraph at lines 832--833
\OT1/cmr/m/n/10.95 tion as the wa-ter-fall,
[209]

LaTeX Warning: Reference `ch:features' on page 210 undefined on input line 841.



LaTeX Warning: Reference `eq:ale' on page 210 undefined on input line 847.


LaTeX Warning: Reference `ch:features' on page 210 undefined on input line 847.



Overfull \hbox (1.92499pt too wide) in paragraph at lines 870--870
[]|\OT1/cmr/bx/n/10.95 Granularity| 

Underfull \hbox (badness 10000) in paragraph at lines 873--874
[]|\OT1/cmr/m/n/10.95 Local (per

Underfull \hbox (badness 10000) in paragraph at lines 873--874
\OT1/cmr/m/n/10.95 day), sums

Underfull \hbox (badness 3088) in paragraph at lines 873--874
\OT1/cmr/m/n/10.95 to the pre-

LaTeX Warning: Reference `sec:feat-importance' on page 210 undefined on input l
ine 875.


Underfull \hbox (badness 1968) in paragraph at lines 876--877
[]|\OT1/cmr/m/n/10.95 Presentation charts, de-

Underfull \hbox (badness 1540) in paragraph at lines 876--877
\OT1/cmr/m/n/10.95 bug-ging sin-gle fore-casts,

Underfull \hbox (badness 10000) in paragraph at lines 879--880
[]|\OT1/cmr/m/n/10.95 Global,

Underfull \hbox (badness 5119) in paragraph at lines 879--880
\OT1/cmr/m/n/10.95 in units of

Overfull \hbox (1.7354pt too wide) in paragraph at lines 879--880
[]$\OT1/cmr/m/n/10.95 /MSE

Underfull \hbox (badness 10000) in paragraph at lines 880--883
[]|\OT1/cmr/m/n/10.95 Model-agnostic, un-bi-ased

Underfull \hbox (badness 5403) in paragraph at lines 880--883
\OT1/cmr/m/n/10.95 the right rank-ing when

Underfull \hbox (badness 4156) in paragraph at lines 880--883
\OT1/cmr/m/n/10.95 with each other); costs

Underfull \hbox (badness 2671) in paragraph at lines 885--886
[]|\OT1/cmr/m/n/10.95 Global, free

Package natbib Warning: Citation `StroblBoulesteixZeileisHothorn2007' on page 2
10 undefined on input line 888.


Underfull \hbox (badness 10000) in paragraph at lines 886--889
[]|\OT1/cmr/m/n/10.95 Biased to-ward high-
[210]

Package natbib Warning: Citation `StroblBoulesteixZeileisHothorn2007' on page 2
11 undefined on input line 910.


LaTeX Warning: Reference `eq:shap' on page 211 undefined on input line 927.


LaTeX Warning: Reference `ch:features' on page 211 undefined on input line 927.


[211]

LaTeX Warning: Reference `ch:har' on page 212 undefined on input line 949.


LaTeX Warning: Reference `sec:trees:ensemble' on page 212 undefined on input li
ne 951.


LaTeX Warning: Reference `sec:trees:ensemble' on page 212 undefined on input li
ne 961.


Package natbib Warning: Citation `ChristensenSiggaardVeliyev2023' on page 212 u
ndefined on input line 970.


LaTeX Warning: Reference `ch:har' on page 212 undefined on input line 996.

[212]

LaTeX Warning: Reference `ch:features' on page 213 undefined on input line 1024
.


LaTeX Warning: Reference `ch:features' on page 213 undefined on input line 1039
.

[213]

LaTeX Warning: Reference `ch:evaluation' on page 214 undefined on input line 10
98.


Package natbib Warning: Citation `HARdToBeat2024' on page 214 undefined on inpu
t line 1102.


LaTeX Warning: Reference `ch:features' on page 214 undefined on input line 1109
.


Package natbib Warning: Citation `ChristensenSiggaardVeliyev2023' on page 214 u
ndefined on input line 1115.


Package natbib Warning: Citation `RahimikiaPoon2020' on page 214 undefined on i
nput line 1134.


LaTeX Warning: Reference `sec:trees:ensemble' on page 214 undefined on input li
ne 1137.

[214]

Package natbib Warning: Citation `BrancoRubesamZevallos2024' on page 215 undefi
ned on input line 1141.


LaTeX Warning: Reference `ch:har' on page 215 undefined on input line 1152.


LaTeX Warning: Reference `ch:evaluation' on page 215 undefined on input line 11
54.


LaTeX Warning: Reference `sec:trees:honest' on page 215 undefined on input line
 1162.


Package natbib Warning: Citation `RahimikiaPoon2020' on page 215 undefined on i
nput line 1166.


LaTeX Warning: Reference `ch:har' on page 215 undefined on input line 1186.

[215]

LaTeX Warning: Reference `ch:hybrid' on page 216 undefined on input line 1221.


LaTeX Warning: Reference `ch:hybrid' on page 216 undefined on input line 1233.


LaTeX Warning: Reference `ch:features' on page 216 undefined on input line 1238
.


LaTeX Warning: Reference `sec:trees:hyperparams' on page 216 undefined on input
 line 1242.


LaTeX Warning: Reference `sec:trees:hyperparams' on page 216 undefined on input
 line 1282.

[216]

LaTeX Warning: Reference `eq:trees:ensemble' on page 217 undefined on input lin
e 1289.


Package natbib Warning: Citation `VinayakGilad2015' on page 217 undefined on in
put line 1317.

[217]
Underfull \hbox (badness 3601) in paragraph at lines 1397--1398
[]|\OT1/cmr/m/n/10.95 Randomly re-moves \OT1/cmr/m/it/10.95 en-tire trees

Overfull \hbox (10.39236pt too wide) in paragraph at lines 1391--1409
 [] 

Overfull \hbox (15.0639pt too wide) in paragraph at lines 1411--1415
[]\OT1/cmr/m/n/10.95 Shrinkage and DART are not mu-tu-ally ex-clu-sive. In Ligh
t-GBM, you can set \OT1/cmtt/m/n/10.95 boosting[]type='dart'

LaTeX Warning: Reference `ch:har' on page 218 undefined on input line 1419.


LaTeX Warning: Reference `sec:trees:hyperparams' on page 218 undefined on input
 line 1429.

[218]

LaTeX Warning: Reference `eq:trees:ensemble' on page 219 undefined on input lin
e 1456.


LaTeX Warning: Reference `eq:trees:qlike' on page 219 undefined on input line 1
459.


LaTeX Warning: Reference `eq:trees:qlike_hess' on page 219 undefined on input l
ine 1459.


Package natbib Warning: Citation `ChristensenSiggaardVeliyev2023' on page 219 u
ndefined on input line 1467.


LaTeX Warning: Reference `eq:trees:combo' on page 219 undefined on input line 1
487.


Package natbib Warning: Citation `RahimikiaPoon2020' on page 219 undefined on i
nput line 1489.

[219]

Package natbib Warning: Citation `BrancoRubesamZevallos2024' on page 220 undefi
ned on input line 1491.


Package natbib Warning: Citation `HARdToBeat2024' on page 220 undefined on inpu
t line 1491.


Package natbib Warning: Citation `VinayakGilad2015' on page 220 undefined on in
put line 1496.


LaTeX Warning: Reference `ch:deeplearning' on page 220 undefined on input line 
1504.


Package natbib Warning: Citation `ChristensenSiggaardVeliyev2023' on page 220 u
ndefined on input line 1516.


LaTeX Warning: Reference `sec:trees:csv' on page 220 undefined on input line 15
19.


LaTeX Warning: Reference `sec:trees:honest' on page 220 undefined on input line
 1520.


Underfull \hbox (badness 5050) in paragraph at lines 1519--1521
[]|\OT1/cmr/m/n/10.95 Primary ev-i-dence for

Package natbib Warning: Citation `BrancoRubesamZevallos2024' on page 220 undefi
ned on input line 1521.


Underfull \hbox (badness 2197) in paragraph at lines 1522--1523
[]|\OT1/cmr/m/n/10.95 Linear mod-els com-pet-i-tive when

LaTeX Warning: Reference `sec:trees:honest' on page 220 undefined on input line
 1523.


Package natbib Warning: Citation `HARdToBeat2024' on page 220 undefined on inpu
t line 1524.


Package natbib Warning: Citation `RahimikiaPoon2020' on page 220 undefined on i
nput line 1527.


LaTeX Warning: Reference `sec:trees:ensemble' on page 220 undefined on input li
ne 1529.


Package natbib Warning: Citation `AudrinoKnaus2016' on page 220 undefined on in
put line 1530.


LaTeX Warning: Reference `sec:trees:gbm' on page 220 undefined on input line 15
32.


Package natbib Warning: Citation `GuKellyXiu2020' on page 220 undefined on inpu
t line 1533.


Underfull \hbox (badness 5050) in paragraph at lines 1536--1537
[]|\OT1/cmr/m/n/10.95 Canonical ML horse-

Package natbib Warning: Citation `VinayakGilad2015' on page 220 undefined on in
put line 1537.


LaTeX Warning: Reference `sec:trees:dart' on page 220 undefined on input line 1
540.


Underfull \hbox (badness 10000) in paragraph at lines 1540--1541
[]|\OT1/cmr/m/n/10.95 Regularization tech-
) (chapters/12-rashomon-interpretable-trees.tex [220]
Chapter 12.

LaTeX Warning: Reference `ch:trees' on page 221 undefined on input line 25.


LaTeX Warning: Reference `ch:trees' on page 221 undefined on input line 37.

[221]

Package natbib Warning: Citation `Lundberg2017' on page 222 undefined on input 
line 63.

[222]

Package natbib Warning: Citation `XinEtAl2022' on page 223 undefined on input l
ine 135.


Package natbib Warning: Citation `XinEtAl2022' on page 223 undefined on input l
ine 151.


Package natbib Warning: Citation `XinEtAl2022' on page 223 undefined on input l
ine 165.


Package natbib Warning: Citation `XinEtAl2022' on page 223 undefined on input l
ine 184.

[223]

Package natbib Warning: Citation `XinEtAl2022' on page 224 undefined on input l
ine 199.


Package natbib Warning: Citation `XinEtAl2022' on page 224 undefined on input l
ine 203.


Package natbib Warning: Citation `Breiman1984' on page 224 undefined on input l
ine 252.


Package natbib Warning: Citation `BabbarEtAl2025' on page 224 undefined on inpu
t line 255.

[224]

Package natbib Warning: Citation `BabbarEtAl2025' on page 225 undefined on inpu
t line 275.


Package natbib Warning: Citation `BabbarEtAl2025' on page 225 undefined on inpu
t line 294.


Package natbib Warning: Citation `BabbarEtAl2025' on page 225 undefined on inpu
t line 308.

[225]

Package natbib Warning: Citation `VanDenBosEtAl2024' on page 226 undefined on i
nput line 335.


Package natbib Warning: Citation `VanDenBosEtAl2024' on page 226 undefined on i
nput line 403.

[226]

Package natbib Warning: Citation `XinEtAl2022' on page 227 undefined on input l
ine 443.

[227]

Package natbib Warning: Citation `HeileBabbar2025' on page 228 undefined on inp
ut line 482.


Package natbib Warning: Citation `BabbarEtAl2025' on page 228 undefined on inpu
t line 487.


Package natbib Warning: Citation `BabbarEtAl2025' on page 228 undefined on inpu
t line 495.


Package natbib Warning: Citation `BabbarEtAl2025' on page 228 undefined on inpu
t line 516.


Package natbib Warning: Citation `HeileBabbar2025' on page 228 undefined on inp
ut line 529.


Package natbib Warning: Citation `HeileBabbar2025' on page 228 undefined on inp
ut line 539.

[228]

Package natbib Warning: Citation `HeileBabbar2025' on page 229 undefined on inp
ut line 567.


Package natbib Warning: Citation `HeileBabbar2025' on page 229 undefined on inp
ut line 572.


LaTeX Warning: Reference `fig:rashomon-algorithms' on page 229 undefined on inp
ut line 586.


Package natbib Warning: Citation `DongRudin2020' on page 229 undefined on input
 line 643.

[229]

Package natbib Warning: Citation `XinEtAl2022' on page 230 undefined on input l
ine 687.


Package natbib Warning: Citation `DongRudin2020' on page 230 undefined on input
 line 695.


Package natbib Warning: Citation `DongRudin2020' on page 230 undefined on input
 line 697.


Package natbib Warning: Citation `DongRudin2020' on page 230 undefined on input
 line 711.

[230]

Package natbib Warning: Citation `DonnellyEtAl2023' on page 231 undefined on in
put line 775.


Package natbib Warning: Citation `DonnellyEtAl2023' on page 231 undefined on in
put line 780.


Package natbib Warning: Citation `DonnellyEtAl2023' on page 231 undefined on in
put line 785.

[231]

Package natbib Warning: Citation `DonnellyEtAl2023' on page 232 undefined on in
put line 853.


Package natbib Warning: Citation `XinEtAl2022' on page 232 undefined on input l
ine 857.

[232]

Package natbib Warning: Citation `DonnellyEtAl2023' on page 233 undefined on in
put line 873.


Package natbib Warning: Citation `DonnellyEtAl2023' on page 233 undefined on in
put line 897.


Package natbib Warning: Citation `DonnellyEtAl2023' on page 233 undefined on in
put line 917.


LaTeX Warning: Reference `sec:rashomon:enumeration' on page 233 undefined on in
put line 945.


LaTeX Warning: Reference `sec:rashomon:analysis' on page 233 undefined on input
 line 945.

[233] [234]

LaTeX Warning: Reference `ch:deeplearning' on page 235 undefined on input line 
1051.

) (chapters/12-deep-learning-vol.tex [235]
Chapter 13.

LaTeX Warning: Reference `ch:trees' on page 236 undefined on input line 8.


LaTeX Warning: Reference `ch:har' on page 236 undefined on input line 19.


LaTeX Warning: Reference `ch:trees' on page 236 undefined on input line 19.


LaTeX Warning: Reference `ch:trees' on page 236 undefined on input line 27.

[236] [237]

Package natbib Warning: Citation `Bucci2020' on page 238 undefined on input lin
e 149.


LaTeX Warning: Reference `ch:trees' on page 238 undefined on input line 157.


Package natbib Warning: Citation `SirignanoCont2019' on page 238 undefined on i
nput line 160.


LaTeX Warning: Reference `ch:rough' on page 238 undefined on input line 165.


LaTeX Warning: Reference `ch:rough' on page 238 undefined on input line 172.


Package natbib Warning: Citation `RosenbaumZhang2022' on page 238 undefined on 
input line 175.


LaTeX Warning: Reference `ch:rough' on page 238 undefined on input line 176.

[238]

Package natbib Warning: Citation `RahimikiaPoon2020' on page 239 undefined on i
nput line 185.


Package natbib Warning: Citation `RahimikiaPoon2020' on page 239 undefined on i
nput line 194.


LaTeX Warning: Reference `ch:evaluation' on page 239 undefined on input line 19
6.


LaTeX Warning: Reference `ch:trees' on page 239 undefined on input line 201.

[239]

Package natbib Warning: Citation `MorenoPinoZohren2022DeepVol' on page 240 unde
fined on input line 352.

[240]

LaTeX Warning: Reference `ch:features' on page 241 undefined on input line 404.



Package natbib Warning: Citation `ZhangZohrenRoberts2019DeepLOB' on page 241 un
defined on input line 405.

[241]

Package natbib Warning: Citation `SirignanoCont2019' on page 242 undefined on i
nput line 474.

[242] [243]

Package natbib Warning: Citation `ChenRobert2022' on page 244 undefined on inpu
t line 571.


LaTeX Warning: Reference `ch:spillovers' on page 244 undefined on input line 57
7.


LaTeX Warning: Reference `ch:multivariate' on page 244 undefined on input line 
577.


LaTeX Warning: Reference `ch:evaluation' on page 244 undefined on input line 58
6.


LaTeX Warning: Reference `sec:dl:lstm' on page 244 undefined on input line 590.


[244]

Package natbib Warning: Citation `Kidger2021NeuralSDE' on page 245 undefined on
 input line 630.

[245]

LaTeX Warning: Reference `ch:rv' on page 246 undefined on input line 656.


LaTeX Warning: Reference `ch:volsurface' on page 246 undefined on input line 66
9.


Package natbib Warning: Citation `DingLuCheung2025' on page 246 undefined on in
put line 670.


LaTeX Warning: Reference `ch:features' on page 246 undefined on input line 685.



LaTeX Warning: Reference `ch:volsurface' on page 246 undefined on input line 68
6.


Package natbib Warning: Citation `XuChen2021' on page 246 undefined on input li
ne 691.


Package natbib Warning: Citation `DuMoriyamaTanakaIshii2023' on page 246 undefi
ned on input line 697.

[246]

LaTeX Warning: Reference `eq:nflow' on page 247 undefined on input line 720.


LaTeX Warning: Reference `eq:nflow-density' on page 247 undefined on input line
 720.


LaTeX Warning: Reference `ch:vrp' on page 247 undefined on input line 734.

[247]

LaTeX Warning: Reference `ch:har' on page 248 undefined on input line 764.


Package natbib Warning: Citation `ChristensenSiggaardVeliyev2023' on page 248 u
ndefined on input line 780.


LaTeX Warning: Reference `ch:trees' on page 248 undefined on input line 781.


Package natbib Warning: Citation `MorenoPinoZohren2022DeepVol' on page 248 unde
fined on input line 790.


Package natbib Warning: Citation `ZhangZohrenRoberts2019DeepLOB' on page 248 un
defined on input line 791.


Package natbib Warning: Citation `SirignanoCont2019' on page 248 undefined on i
nput line 795.


LaTeX Warning: Reference `ch:rough' on page 248 undefined on input line 797.

[248]

Package natbib Warning: Citation `Bucci2020' on page 249 undefined on input lin
e 835.


Package natbib Warning: Citation `SirignanoCont2019' on page 249 undefined on i
nput line 839.


Package natbib Warning: Citation `RosenbaumZhang2022' on page 249 undefined on 
input line 841.


Package natbib Warning: Citation `MorenoPinoZohren2022DeepVol' on page 249 unde
fined on input line 844.


Package natbib Warning: Citation `ZhangZohrenRoberts2019DeepLOB' on page 249 un
defined on input line 846.


Package natbib Warning: Citation `ChenRobert2022' on page 249 undefined on inpu
t line 848.


Overfull \hbox (12.19974pt too wide) in paragraph at lines 850--851
[]\OT1/cmr/m/n/10.95 Modern time-series ar-chi-tec-tures (N-BEATS, PatchTST, Ti
DE, TSMixer) are well-engineered

Package natbib Warning: Citation `RahimikiaPoon2020' on page 249 undefined on i
nput line 859.


Package natbib Warning: Citation `Bucci2020' on page 249 undefined on input lin
e 868.


Package natbib Warning: Citation `SirignanoCont2019' on page 249 undefined on i
nput line 872.


Package natbib Warning: Citation `RosenbaumZhang2022' on page 249 undefined on 
input line 876.


Package natbib Warning: Citation `RahimikiaPoon2020' on page 249 undefined on i
nput line 880.


Package natbib Warning: Citation `MorenoPinoZohren2022DeepVol' on page 249 unde
fined on input line 884.


Package natbib Warning: Citation `ZhangZohrenRoberts2019DeepLOB' on page 249 un
defined on input line 888.


Package natbib Warning: Citation `ChenRobert2022' on page 249 undefined on inpu
t line 892.


Package natbib Warning: Citation `Kidger2021NeuralSDE' on page 249 undefined on
 input line 896.


Package natbib Warning: Citation `DingLuCheung2025' on page 249 undefined on in
put line 900.


Package natbib Warning: Citation `XuChen2021' on page 249 undefined on input li
ne 904.


Package natbib Warning: Citation `DuMoriyamaTanakaIshii2023' on page 249 undefi
ned on input line 908.


Overfull \hbox (32.85378pt too wide) in paragraph at lines 864--914
 [] 
[249]

LaTeX Warning: Reference `ch:hybrid' on page 250 undefined on input line 917.

) (chapters/13-hybrid-ensemble.tex [250]
Chapter 14.

LaTeX Warning: Reference `ch:trees' on page 251 undefined on input line 9.


LaTeX Warning: Reference `ch:deeplearning' on page 251 undefined on input line 
9.


Package natbib Warning: Citation `RahimikiaPoon2020' on page 251 undefined on i
nput line 14.


LaTeX Warning: Reference `ch:garch' on page 251 undefined on input line 19.


LaTeX Warning: Reference `ch:har' on page 251 undefined on input line 19.


LaTeX Warning: Reference `ch:trees' on page 251 undefined on input line 20.


LaTeX Warning: Reference `ch:deeplearning' on page 251 undefined on input line 
20.


Package natbib Warning: Citation `RahimikiaPoon2020' on page 251 undefined on i
nput line 30.


Package natbib Warning: Citation `RahimikiaPoon2020' on page 251 undefined on i
nput line 42.


Package natbib Warning: Citation `RahimikiaPoon2020' on page 251 undefined on i
nput line 58.

[251]

LaTeX Warning: Reference `fig:variance-budget' on page 252 undefined on input l
ine 69.


LaTeX Warning: Reference `fig:hybrid-pipeline' on page 252 undefined on input l
ine 127.


LaTeX Warning: Reference `ch:features' on page 252 undefined on input line 154.



Overfull \hbox (58.40714pt too wide) in paragraph at lines 174--176
 [][] 

Package natbib Warning: Citation `RahimikiaPoon2020' on page 252 undefined on i
nput line 194.

[252]

LaTeX Warning: Reference `ch:features' on page 253 undefined on input line 238.


[253]

LaTeX Warning: Reference `sec:hybrid:why' on page 254 undefined on input line 3
14.


LaTeX Warning: Reference `sec:hybrid:har-svr' on page 254 undefined on input li
ne 314.


Package natbib Warning: Citation `GINN2024' on page 254 undefined on input line
 320.

[254]

Package natbib Warning: Citation `GINN2024' on page 255 undefined on input line
 361.


Overfull \hbox (33.36179pt too wide) in paragraph at lines 427--429
 [][] 

Package natbib Warning: Citation `GINN2024' on page 255 undefined on input line
 440.

[255]

Package natbib Warning: Citation `RahimikiaZohrenPoon2021NLP' on page 256 undef
ined on input line 454.


Package natbib Warning: Citation `RahimikiaZohrenPoon2021NLP' on page 256 undef
ined on input line 471.


Package natbib Warning: Citation `RahimikiaZohrenPoon2021NLP' on page 256 undef
ined on input line 488.

[256]

Package natbib Warning: Citation `RahimikiaZohrenPoon2021NLP' on page 257 undef
ined on input line 520.


Package natbib Warning: Citation `RahimikiaZohrenPoon2021NLP' on page 257 undef
ined on input line 533.


Package natbib Warning: Citation `RahimikiaPoon2020' on page 257 undefined on i
nput line 537.

[257]

LaTeX Warning: Reference `eq:har-fit-hybrid' on page 258 undefined on input lin
e 566.


LaTeX Warning: Reference `ch:features' on page 258 undefined on input line 568.


[258]

LaTeX Warning: Reference `eq:weighted-avg' on page 259 undefined on input line 
734.


LaTeX Warning: Reference `eq:stacking' on page 259 undefined on input line 735.


[259]

LaTeX Warning: Reference `ch:features' on page 260 undefined on input line 761.


[260]

LaTeX Warning: Reference `sec:hybrid:har-svr' on page 261 undefined on input li
ne 820.


LaTeX Warning: Reference `eq:har-fit-hybrid' on page 261 undefined on input lin
e 829.


LaTeX Warning: Reference `eq:har-fit-hybrid' on page 261 undefined on input lin
e 857.


LaTeX Warning: Reference `sec:hybrid:har-svr' on page 261 undefined on input li
ne 874.

[261]

LaTeX Warning: Reference `sec:hybrid:ensemble' on page 262 undefined on input l
ine 904.


LaTeX Warning: Reference `eq:stacking' on page 262 undefined on input line 920.


[262]

LaTeX Warning: Reference `sec:hybrid:regime-weights' on page 263 undefined on i
nput line 964.


Package natbib Warning: Citation `Optiver2021' on page 263 undefined on input l
ine 970.


Package natbib Warning: Citation `Optiver2021' on page 263 undefined on input l
ine 982.


LaTeX Warning: Reference `tab:arch-comparison' on page 263 undefined on input l
ine 991.


Underfull \hbox (badness 5274) in paragraph at lines 1005--1006
[]|\OT1/cmr/bx/n/10 Residual Stack-

Underfull \hbox (badness 10000) in paragraph at lines 1006--1007
[]|\OT1/cmr/bx/n/10 Prediction Blend-

Underfull \hbox (badness 2310) in paragraph at lines 1009--1010
[]|\OT1/cmr/m/n/10 High (joint train-

Underfull \hbox (badness 10000) in paragraph at lines 1009--1010
\OT1/cmr/m/n/10 ing, em-bed-ding

Underfull \hbox (badness 1264) in paragraph at lines 1010--1011
[]|\OT1/cmr/m/n/10 Moderate (se-quen-

Underfull \hbox (badness 10000) in paragraph at lines 1011--1012
[]|\OT1/cmr/m/n/10 Low (in-de-pen-dent

Underfull \hbox (badness 1817) in paragraph at lines 1014--1015
[]|\OT1/cmr/m/n/10 Broken (tree can-

Underfull \hbox (badness 1038) in paragraph at lines 1014--1015
\OT1/cmr/m/n/10 not back-prop into

Underfull \hbox (badness 1571) in paragraph at lines 1015--1016
[]|\OT1/cmr/m/n/10 Clean (each stage

Underfull \hbox (badness 1137) in paragraph at lines 1016--1017
[]|\OT1/cmr/m/n/10 N/A (no cross-model

Underfull \hbox (badness 10000) in paragraph at lines 1019--1020
[]|\OT1/cmr/m/n/10 Opaque (em-bed-

Underfull \hbox (badness 10000) in paragraph at lines 1019--1020
\OT1/cmr/m/n/10 ding di-men-sions

Underfull \hbox (badness 10000) in paragraph at lines 1021--1022
[]|\OT1/cmr/m/n/10 Clear (in-di-vid-ual

Underfull \hbox (badness 10000) in paragraph at lines 1021--1022
\OT1/cmr/m/n/10 model fore-casts are

Underfull \hbox (badness 2285) in paragraph at lines 1023--1024
[]|\OT1/cmr/m/n/10 Fallback strat-

Underfull \hbox (badness 2644) in paragraph at lines 1024--1025
[]|\OT1/cmr/m/n/10 Must re-train tree

Underfull \hbox (badness 1158) in paragraph at lines 1025--1026
[]|\OT1/cmr/m/n/10 Drop later stages;

Underfull \hbox (badness 10000) in paragraph at lines 1026--1027
[]|\OT1/cmr/m/n/10 Drop one model;

Underfull \hbox (badness 10000) in paragraph at lines 1029--1030
\OT1/cmr/m/n/10 per demon-strates

Underfull \hbox (badness 10000) in paragraph at lines 1030--1031
[]|\OT1/cmr/m/n/10 Strong (HARQ-X

Package natbib Warning: Citation `Optiver2021' on page 263 undefined on input l
ine 1031.


Underfull \hbox (badness 8075) in paragraph at lines 1031--1032
[]|\OT1/cmr/m/n/10 Strong (\OT1/cmr/bx/n/10 ?\OT1/cmr/m/n/10 ); Kag-gle

LaTeX Warning: Reference `ch:trees' on page 263 undefined on input line 1055.


LaTeX Warning: Reference `eq:trees:regime_combo' on page 263 undefined on input
 line 1056.


LaTeX Warning: Reference `ch:trees' on page 263 undefined on input line 1064.


Package natbib Warning: Citation `Bishop2006' on page 263 undefined on input li
ne 1081.

[263]

LaTeX Warning: Reference `eq:hybrid:gmm' on page 264 undefined on input line 11
31.


LaTeX Warning: Reference `ch:har' on page 264 undefined on input line 1143.


LaTeX Warning: Reference `ch:jumps' on page 264 undefined on input line 1145.


LaTeX Warning: Reference `ch:vrp' on page 264 undefined on input line 1146.


LaTeX Warning: Reference `sec:hybrid:regime-weights' on page 264 undefined on i
nput line 1149.

[264]

LaTeX Warning: Reference `ch:jumps' on page 265 undefined on input line 1169.


LaTeX Warning: Reference `ch:vrp' on page 265 undefined on input line 1180.

[265]

LaTeX Warning: Reference `ch:features' on page 266 undefined on input line 1190
.


LaTeX Warning: Reference `sec:feat-triple' on page 266 undefined on input line 
1190.


LaTeX Warning: Reference `eq:hybrid:gmm' on page 266 undefined on input line 12
13.


LaTeX Warning: Reference `eq:hybrid:gmm-loglik' on page 266 undefined on input 
line 1220.


Package natbib Warning: Citation `DempsterLairdRubin1977' on page 266 undefined
 on input line 1234.


LaTeX Warning: Reference `eq:hybrid:mstep-mu' on page 266 undefined on input li
ne 1265.


LaTeX Warning: Reference `eq:hybrid:mstep-sigma' on page 266 undefined on input
 line 1267.


LaTeX Warning: Reference `eq:hybrid:estep' on page 266 undefined on input line 
1275.


LaTeX Warning: Reference `eq:hybrid:mstep-pi' on page 266 undefined on input li
ne 1275.


Package natbib Warning: Citation `DempsterLairdRubin1977' on page 266 undefined
 on input line 1281.

[266]

LaTeX Warning: Reference `ch:trees' on page 267 undefined on input line 1299.


LaTeX Warning: Reference `sec:hybrid:regime-weights' on page 267 undefined on i
nput line 1302.


Overfull \hbox (47.25047pt too wide) detected at line 1330
\OMS/cmsy/m/n/10.95 k\OT1/cmr/bx/n/10.95 x[] \OMS/cmsy/m/n/10.95 ^^@ \OML/cmm/b
/it/10.95 ^^V[]\OMS/cmsy/m/n/10.95 k[] \OT1/cmr/m/n/10.95 = 0\OML/cmm/m/it/10.9
5 :\OT1/cmr/m/n/10.95 01 + 0\OML/cmm/m/it/10.95 :\OT1/cmr/m/n/10.95 01 = 0\OML/
cmm/m/it/10.95 :\OT1/cmr/m/n/10.95 02\OML/cmm/m/it/10.95 ;  \OMS/cmsy/m/n/10.95
 k\OT1/cmr/bx/n/10.95 x[] \OMS/cmsy/m/n/10.95 ^^@ \OML/cmm/b/it/10.95 ^^V[]\OMS
/cmsy/m/n/10.95 k[] \OT1/cmr/m/n/10.95 = 1\OML/cmm/m/it/10.95 :\OT1/cmr/m/n/10.
95 21 + 0\OML/cmm/m/it/10.95 :\OT1/cmr/m/n/10.95 49 = 1\OML/cmm/m/it/10.95 :\OT
1/cmr/m/n/10.95 70\OML/cmm/m/it/10.95 ;  \OMS/cmsy/m/n/10.95 k\OT1/cmr/bx/n/10.
95 x[] \OMS/cmsy/m/n/10.95 ^^@ \OML/cmm/b/it/10.95 ^^V[]\OMS/cmsy/m/n/10.95 k[]
 \OT1/cmr/m/n/10.95 = 10\OML/cmm/m/it/10.95 :\OT1/cmr/m/n/10.95 24 + 5\OML/cmm/
m/it/10.95 :\OT1/cmr/m/n/10.95 76 = 16\OML/cmm/m/it/10.95 :\OT1/cmr/m/n/10.95 0
\OML/cmm/m/it/10.95 :
[267]

Package natbib Warning: Citation `Schwarz1978' on page 268 undefined on input l
ine 1363.


LaTeX Warning: Reference `eq:hybrid:gmm-loglik' on page 268 undefined on input 
line 1372.

[268]

LaTeX Warning: Reference `eq:hybrid:regime-inputs' on page 269 undefined on inp
ut line 1399.


LaTeX Warning: Reference `sec:hybrid:markov' on page 269 undefined on input lin
e 1404.


LaTeX Warning: Reference `sec:feat-triple' on page 269 undefined on input line 
1416.


LaTeX Warning: Reference `eq:hybrid:gmm-loglik' on page 269 undefined on input 
line 1428.

[269]

Package natbib Warning: Citation `Hamilton1989' on page 270 undefined on input 
line 1459.


LaTeX Warning: Reference `eq:hybrid:transition' on page 270 undefined on input 
line 1486.


Package natbib Warning: Citation `Hamilton1989' on page 270 undefined on input 
line 1495.


LaTeX Warning: Reference `sec:hybrid:regime-weights' on page 270 undefined on i
nput line 1506.


Package natbib Warning: Citation `Hamilton1989' on page 270 undefined on input 
line 1513.


LaTeX Warning: Reference `eq:hybrid:transition' on page 270 undefined on input 
line 1540.

[270]

LaTeX Warning: Reference `eq:hybrid:ms-rv' on page 271 undefined on input line 
1560.


LaTeX Warning: Reference `eq:hybrid:ms-rv' on page 271 undefined on input line 
1573.


LaTeX Warning: Reference `ch:garch' on page 271 undefined on input line 1576.


LaTeX Warning: Reference `sec:hybrid:ginn' on page 271 undefined on input line 
1578.


LaTeX Warning: Reference `tab:hybrid:gmm-vs-ms' on page 271 undefined on input 
line 1587.


Underfull \hbox (badness 1817) in paragraph at lines 1606--1607
[]|\OT1/cmr/m/n/10 EM on the mix-ture (fast,

Underfull \hbox (badness 1142) in paragraph at lines 1611--1613
[]|\OT1/cmr/m/n/10 Filtered $[](\OML/cmm/m/it/10 s[] \OMS/cmsy/m/n/10 j \OT1/cm
r/bx/n/10 x[]\OT1/cmr/m/n/10 )$ and

Overfull \hbox (34.71118pt too wide) in paragraph at lines 1615--1616
[]|\OT1/cmtt/m/n/10 sklearn.mixture.GaussianMixture| 

Overfull \hbox (38.49113pt too wide) in paragraph at lines 1616--1617
[]|\OT1/cmtt/m/n/10 statsmodels.tsa.regime[]switching| 
[271]
Overfull \hbox (2.67049pt too wide) in paragraph at lines 1683--1685
[]\OT1/cmr/bx/n/10.95 Regime-dependent weight-ing \OT1/cmr/m/n/10.95 as-signs d
if-fer-ent blend weights de-pend-ing on the cur-rent volatil-
[272]
Underfull \hbox (badness 10000) in paragraph at lines 1757--1758
[]|\OT1/cmr/m/n/10.95 Quick bench-mark;

Underfull \hbox (badness 10000) in paragraph at lines 1760--1761
[]|\OT1/cmr/m/n/10.95 Rich fea-tures

Underfull \hbox (badness 10000) in paragraph at lines 1760--1761
\OT1/cmr/m/n/10.95 weekly hori-zon;

Underfull \hbox (badness 10000) in paragraph at lines 1762--1763
[]|\OT1/cmr/m/n/10.95 Production fore-

Underfull \hbox (badness 10000) in paragraph at lines 1762--1763
\OT1/cmr/m/n/10.95 casts; re-search

Underfull \hbox (badness 10000) in paragraph at lines 1764--1765
[]|\OT1/cmr/m/n/10.95 Pure trees

Underfull \hbox (badness 10000) in paragraph at lines 1765--1766
[]|\OT1/cmr/m/n/10.95 Rich fea-tures;

Underfull \hbox (badness 10000) in paragraph at lines 1765--1766
\OT1/cmr/m/n/10.95 in-tra-day hori-

Underfull \hbox (badness 10000) in paragraph at lines 1767--1768
[]|\OT1/cmr/m/n/10.95 High-frequency

Underfull \hbox (badness 3460) in paragraph at lines 1767--1768
\OT1/cmr/m/n/10.95 desks; fea-ture im-

Underfull \hbox (badness 10000) in paragraph at lines 1770--1771
[]|\OT1/cmr/m/n/10.95 Raw se-quen-tial

Underfull \hbox (badness 10000) in paragraph at lines 1770--1771
\OT1/cmr/m/n/10.95 data; cross-asset

Underfull \hbox (badness 10000) in paragraph at lines 1772--1773
[]|\OT1/cmr/m/n/10.95 Multi-asset plat-

Underfull \hbox (badness 10000) in paragraph at lines 1772--1773
\OT1/cmr/m/n/10.95 forms; rep-re-sen-ta-

Package natbib Warning: Citation `RahimikiaPoon2020' on page 273 undefined on i
nput line 1782.

[273]

LaTeX Warning: Reference `fig:standalone-vs-hybrid' on page 274 undefined on in
put line 1809.


Overfull \hbox (2.60336pt too wide) in paragraph at lines 1876--1879
[]\OT1/cmr/m/n/10.95 Hybrid mod-els de-com-pose the fore-cast-ing prob-lem into
 a lin-ear com-po-nent (HAR, GARCH)

Package natbib Warning: Citation `GINN2024' on page 274 undefined on input line
 1890.

[274]

Package natbib Warning: Citation `RahimikiaZohrenPoon2021NLP' on page 275 undef
ined on input line 1893.


Package natbib Warning: Citation `Optiver2021' on page 275 undefined on input l
ine 1912.


LaTeX Warning: Reference `ch:hybrid' on page 275 undefined on input line 1932.


Package natbib Warning: Citation `GINN2024' on page 275 undefined on input line
 1944.


Package natbib Warning: Citation `RahimikiaZohrenPoon2021NLP' on page 275 undef
ined on input line 1947.

[275]) [276] [277] (chapters/14-multivariate-volatility.tex
Chapter 15.

LaTeX Warning: Reference `ch:returns' on page 278 undefined on input line 8.


LaTeX Warning: Reference `ch:vrp' on page 278 undefined on input line 8.


LaTeX Warning: Reference `ch:rv' on page 278 undefined on input line 23.


LaTeX Warning: Reference `ch:rv' on page 278 undefined on input line 47.


Package natbib Warning: Citation `BarndorffNielsenHansenLundeShephard2011' on p
age 278 undefined on input line 53.

[278]

LaTeX Warning: Reference `ch:rv' on page 279 undefined on input line 59.


LaTeX Warning: Reference `ch:rv' on page 279 undefined on input line 146.


LaTeX Warning: Reference `ch:rv' on page 279 undefined on input line 146.


LaTeX Warning: Reference `fig:nonsync' on page 279 undefined on input line 195.



LaTeX Warning: Reference `eq:rc' on page 279 undefined on input line 200.


Package natbib Warning: Citation `HayashiYoshida2005' on page 279 undefined on 
input line 205.

[279] [280]

LaTeX Warning: Reference `sec:multivariate:psd' on page 281 undefined on input 
line 295.


LaTeX Warning: Reference `sec:multivariate:rc' on page 281 undefined on input l
ine 304.


LaTeX Warning: Reference `ch:noise' on page 281 undefined on input line 305.


LaTeX Warning: Reference `ch:noise' on page 281 undefined on input line 309.


Package natbib Warning: Citation `BarndorffNielsenHansenLundeShephard2011' on p
age 281 undefined on input line 316.


LaTeX Warning: Reference `ch:noise' on page 281 undefined on input line 328.

[281]

Package natbib Warning: Citation `BarndorffNielsenHansenLundeShephard2011' on p
age 282 undefined on input line 336.


LaTeX Warning: Reference `ch:garch' on page 282 undefined on input line 359.


Package natbib Warning: Citation `Engle2002DCC' on page 282 undefined on input 
line 390.

[282]

LaTeX Warning: Reference `ch:har' on page 283 undefined on input line 425.

[283]

Package natbib Warning: Citation `BollerslevPattonQuaedvlieg2018' on page 284 u
ndefined on input line 527.


LaTeX Warning: Reference `ch:har' on page 284 undefined on input line 543.

[284]

LaTeX Warning: Reference `ch:har' on page 285 undefined on input line 614.


Package natbib Warning: Citation `BollerslevPattonQuaedvlieg2018' on page 285 u
ndefined on input line 622.


LaTeX Warning: Reference `ch:har' on page 285 undefined on input line 626.


LaTeX Warning: Reference `ch:har' on page 285 undefined on input line 644.

[285]

Package natbib Warning: Citation `ChiriacVoev2011' on page 286 undefined on inp
ut line 671.


LaTeX Warning: Reference `ch:har' on page 286 undefined on input line 711.

[286]

LaTeX Warning: Reference `ch:spillovers' on page 287 undefined on input line 73
5.


Package natbib Warning: Citation `ZhangPuCucuringuDong2024' on page 287 undefin
ed on input line 770.


LaTeX Warning: Reference `ch:har' on page 287 undefined on input line 783.

[287]

Package natbib Warning: Citation `ZhangCucuringuDong2023' on page 288 undefined
 on input line 812.


LaTeX Warning: Reference `ch:deeplearning' on page 288 undefined on input line 
821.


LaTeX Warning: Reference `ch:deeplearning' on page 288 undefined on input line 
893.

[288]

LaTeX Warning: Reference `sec:multivariate:graph' on page 289 undefined on inpu
t line 914.

[289] [290]

LaTeX Warning: Reference `sec:multivariate:dcc' on page 291 undefined on input 
line 1042.


LaTeX Warning: Reference `sec:multivariate:war' on page 291 undefined on input 
line 1044.


LaTeX Warning: Reference `sec:multivariate:drd' on page 291 undefined on input 
line 1046.


LaTeX Warning: Reference `sec:multivariate:cholesky' on page 291 undefined on i
nput line 1048.


LaTeX Warning: Reference `sec:multivariate:graph' on page 291 undefined on inpu
t line 1050.


LaTeX Warning: Reference `sec:multivariate:cnn' on page 291 undefined on input 
line 1052.


LaTeX Warning: Reference `sec:multivariate:spd' on page 291 undefined on input 
line 1054.


Overfull \hbox (0.75505pt too wide) in paragraph at lines 1038--1058
 [][] 

LaTeX Warning: Reference `eq:rc' on page 291 undefined on input line 1092.


LaTeX Warning: Reference `eq:hy' on page 291 undefined on input line 1095.


LaTeX Warning: Reference `eq:mrk' on page 291 undefined on input line 1096.


Package natbib Warning: Citation `BarndorffNielsenHansenLundeShephard2011' on p
age 291 undefined on input line 1098.


Package natbib Warning: Citation `Engle2002DCC' on page 291 undefined on input 
line 1099.


Package natbib Warning: Citation `BollerslevPattonQuaedvlieg2018' on page 291 u
ndefined on input line 1104.

[291]

Package natbib Warning: Citation `ChiriacVoev2011' on page 292 undefined on inp
ut line 1107.


Package natbib Warning: Citation `ZhangPuCucuringuDong2024' on page 292 undefin
ed on input line 1109.


Package natbib Warning: Citation `ZhangCucuringuDong2023' on page 292 undefined
 on input line 1110.


Underfull \hbox (badness 10000) in paragraph at lines 1133--1133
[]|\OT1/cmr/m/n/10.95 Realized co-vari-

Underfull \hbox (badness 10000) in paragraph at lines 1133--1133
[]|\OT1/cmr/m/n/10.95 Theoretically

Underfull \hbox (badness 10000) in paragraph at lines 1134--1134
[]|\OT1/cmr/m/n/10.95 Realized co-vari-

Underfull \hbox (badness 10000) in paragraph at lines 1134--1134
[]|\OT1/cmr/m/n/10.95 Best ac-cu-racy

Underfull \hbox (badness 10000) in paragraph at lines 1134--1134
\OT1/cmr/m/n/10.95 (BPQ 2018);

Underfull \hbox (badness 10000) in paragraph at lines 1135--1135
[]|\OT1/cmr/m/n/10.95 Realized co-vari-

Underfull \hbox (badness 10000) in paragraph at lines 1136--1136
[]|\OT1/cmr/m/n/10.95 Graph-HAR /

Underfull \hbox (badness 6364) in paragraph at lines 1136--1137
[]|\OT1/cmr/m/n/10.95 Graph con-struc-

Underfull \hbox (badness 1286) in paragraph at lines 1136--1137
\OT1/cmr/m/n/10.95 tion is a de-sign

Underfull \hbox (badness 10000) in paragraph at lines 1137--1137
[]|\OT1/cmr/m/n/10.95 Detects block

Underfull \hbox (badness 3281) in paragraph at lines 1138--1138
[]|\OT1/cmr/m/n/10.95 PSD by de-sign;

Underfull \hbox (badness 10000) in paragraph at lines 1138--1139
\OT1/cmr/m/n/10.95 em-pir-i-cal ev-i-

LaTeX Warning: Reference `ch:spillovers' on page 292 undefined on input line 11
44.

) (chapters/15-spillovers-connectedness.tex [292]
Chapter 16.

LaTeX Warning: Reference `ch:multivariate' on page 293 undefined on input line 
8.


LaTeX Warning: Reference `ch:features' on page 293 undefined on input line 12.


LaTeX Warning: Reference `ch:multivariate' on page 293 undefined on input line 
19.

[293]

Package natbib Warning: Citation `PesaranShin1998' on page 294 undefined on inp
ut line 96.


Package natbib Warning: Citation `DieboldYilmaz2012' on page 294 undefined on i
nput line 96.


LaTeX Warning: Reference `eq:var-ma' on page 294 undefined on input line 116.

[294] [295]

Package natbib Warning: Citation `DieboldYilmaz2009' on page 296 undefined on i
nput line 209.


Package natbib Warning: Citation `DieboldYilmaz2012' on page 296 undefined on i
nput line 210.


Package natbib Warning: Citation `DieboldYilmaz2014' on page 296 undefined on i
nput line 211.

[296] [297]

Package natbib Warning: Citation `DieboldYilmaz2012' on page 298 undefined on i
nput line 399.


Package natbib Warning: Citation `AntonakakisChatziantoniouGabauer2020' on page
 298 undefined on input line 454.

[298]

Package natbib Warning: Citation `AntonakakisChatziantoniouGabauer2020' on page
 299 undefined on input line 495.

[299]

Package natbib Warning: Citation `DemirerDieboldLiuYilmaz2018' on page 300 unde
fined on input line 530.


Package natbib Warning: Citation `DemirerDieboldLiuYilmaz2018' on page 300 unde
fined on input line 604.


Package natbib Warning: Citation `DemirerDieboldLiuYilmaz2018' on page 300 unde
fined on input line 604.


Package natbib Warning: Citation `DieboldYilmaz2014' on page 300 undefined on i
nput line 619.

[300]

Package natbib Warning: Citation `SirignanoCont2019' on page 301 undefined on i
nput line 632.


Package natbib Warning: Citation `SirignanoCont2019' on page 301 undefined on i
nput line 639.


Package natbib Warning: Citation `RosenbaumZhang2022' on page 301 undefined on 
input line 646.


LaTeX Warning: Reference `ch:rough' on page 301 undefined on input line 650.


LaTeX Warning: Reference `ch:features' on page 301 undefined on input line 692.


[301]

LaTeX Warning: Reference `ch:rough' on page 302 undefined on input line 701.


Package natbib Warning: Citation `SirignanoCont2019' on page 302 undefined on i
nput line 702.


Package natbib Warning: Citation `RosenbaumZhang2022' on page 302 undefined on 
input line 702.


LaTeX Warning: Reference `ch:features' on page 302 undefined on input line 749.



LaTeX Warning: Reference `ch:features' on page 302 undefined on input line 753.



LaTeX Warning: Reference `ch:features' on page 302 undefined on input line 760.


[302]

LaTeX Warning: Reference `eq:panel-fe' on page 303 undefined on input line 773.



Package natbib Warning: Citation `Corsi2009' on page 303 undefined on input lin
e 784.


LaTeX Warning: Reference `ch:evaluation' on page 303 undefined on input line 78
6.


Package natbib Warning: Citation `Wooldridge2010' on page 303 undefined on inpu
t line 817.

[303]

LaTeX Warning: Reference `ch:features' on page 304 undefined on input line 856.



LaTeX Warning: Reference `sec:tv-spillovers' on page 304 undefined on input lin
e 879.


LaTeX Warning: Reference `sec:dy-spillover' on page 304 undefined on input line
 899.

[304]

LaTeX Warning: Reference `eq:panel-fe' on page 305 undefined on input line 902.



LaTeX Warning: Reference `sec:spillover-features' on page 305 undefined on inpu
t line 930.


Package natbib Warning: Citation `Ke2017' on page 305 undefined on input line 9
43.


LaTeX Warning: Reference `eq:panel-fe' on page 305 undefined on input line 951.


[305]

LaTeX Warning: Reference `ch:evaluation' on page 306 undefined on input line 97
3.


LaTeX Warning: Reference `sec:eval-purgedcv' on page 306 undefined on input lin
e 978.


LaTeX Warning: Reference `sec:ch16:xsection-leakage' on page 1 undefined on inp
ut line 979.


LaTeX Warning: Reference `eq:panel-within' on page 306 undefined on input line 
988.


Package natbib Warning: Citation `Nickell1981' on page 306 undefined on input l
ine 999.


LaTeX Warning: Reference `ch:features' on page 306 undefined on input line 1011
.


LaTeX Warning: Reference `eq:panel-fe' on page 306 undefined on input line 1013
.


LaTeX Warning: Reference `sec:eval-purgedcv' on page 306 undefined on input lin
e 1017.


LaTeX Warning: Reference `sec:ch16:xsection-leakage' on page 1 undefined on inp
ut line 1018.


LaTeX Warning: Reference `ch:trees' on page 306 undefined on input line 1031.


LaTeX Warning: Reference `ch:hybrid' on page 306 undefined on input line 1031.

[306]

LaTeX Warning: Reference `ch:features' on page 307 undefined on input line 1047
.


Package natbib Warning: Citation `AntonakakisChatziantoniouGabauer2020' on page
 307 undefined on input line 1066.


LaTeX Warning: Reference `ch:features' on page 307 undefined on input line 1080
.

[307]

Package natbib Warning: Citation `AntonakakisChatziantoniouGabauer2020' on page
 308 undefined on input line 1106.


Package natbib Warning: Citation `DemirerDieboldLiuYilmaz2018' on page 308 unde
fined on input line 1112.


Package natbib Warning: Citation `SirignanoCont2019' on page 308 undefined on i
nput line 1116.


Package natbib Warning: Citation `RosenbaumZhang2022' on page 308 undefined on 
input line 1120.


LaTeX Warning: Reference `ch:rough' on page 308 undefined on input line 1123.


Underfull \hbox (badness 1412) in paragraph at lines 1149--1149
[]|\OT1/cmr/m/n/10 Identifies trans-mit-ters (eq-uity, credit) vs. re-ceivers

Underfull \hbox (badness 3838) in paragraph at lines 1150--1151
[]|\OT1/cmr/m/n/10 Rolling win-dow vs. TVP-
) [308] [309] (chapters/16-forecast-evaluation.tex
Chapter 17.

LaTeX Warning: Reference `ch:har' on page 310 undefined on input line 27.


Package natbib Warning: Citation `Bailey2014DSR' on page 310 undefined on input
 line 40.

[310]

LaTeX Warning: Reference `ch:rv' on page 311 undefined on input line 98.


LaTeX Warning: Reference `ch:noise' on page 311 undefined on input line 99.


LaTeX Warning: Reference `ch:jumps' on page 311 undefined on input line 99.

[311]

Package natbib Warning: Citation `Patton2011' on page 312 undefined on input li
ne 101.

[312]

Package natbib Warning: Citation `Patton2011' on page 313 undefined on input li
ne 190.

[313]

LaTeX Warning: Reference `sec:eval-dm' on page 314 undefined on input line 259.


[314] [315]

LaTeX Warning: Reference `sec:eval-mz' on page 316 undefined on input line 341.



LaTeX Warning: Reference `sec:eval-mz' on page 316 undefined on input line 346.



LaTeX Warning: Reference `eq:retransform' on page 316 undefined on input line 3
58.


Package natbib Warning: Citation `Patton2011' on page 316 undefined on input li
ne 360.

[316] [317]

Package natbib Warning: Citation `MincerZarnowitz1969' on page 318 undefined on
 input line 456.


LaTeX Warning: Reference `sec:eval-retransformation' on page 318 undefined on i
nput line 480.


LaTeX Warning: Reference `ch:garch' on page 318 undefined on input line 486.

[318]

Package natbib Warning: Citation `DieboldMariano1995' on page 319 undefined on 
input line 534.

[319]

Package natbib Warning: Citation `DieboldMariano1995' on page 320 undefined on 
input line 589.


Package natbib Warning: Citation `HarveyLeybourneNewbold1997' on page 320 undef
ined on input line 590.

[320]

Package natbib Warning: Citation `HansenLundeNason2011' on page 321 undefined o
n input line 616.


Package natbib Warning: Citation `HansenLundeNason2011' on page 321 undefined o
n input line 636.

[321]

LaTeX Warning: Reference `ch:applications' on page 322 undefined on input line 
710.

[322]

Package natbib Warning: Citation `LopezdePrado2018' on page 323 undefined on in
put line 818.

[323]

Package natbib Warning: Citation `LopezdePrado2018' on page 324 undefined on in
put line 855.

[324]

LaTeX Warning: Reference `sec:eval-purgedcv' on page 325 undefined on input lin
e 892.


LaTeX Warning: Reference `sec:eval-purgedcv' on page 325 undefined on input lin
e 901.


Package natbib Warning: Citation `LopezdePrado2018' on page 325 undefined on in
put line 903.


LaTeX Warning: Reference `sec:eval-purgedcv' on page 325 undefined on input lin
e 909.

[325]

LaTeX Warning: Reference `sec:eval-dm' on page 326 undefined on input line 918.



LaTeX Warning: Reference `ch:applications' on page 326 undefined on input line 
919.


LaTeX Warning: Reference `sec:ch16:xsection-leakage' on page 1 undefined on inp
ut line 919.


LaTeX Warning: Reference `eq:one-se' on page 326 undefined on input line 950.


Package natbib Warning: Citation `LopezdePrado2018' on page 326 undefined on in
put line 952.

[326]

LaTeX Warning: Reference `sec:eval-mcs' on page 327 undefined on input line 958
.


LaTeX Warning: Reference `sec:eval-mz' on page 327 undefined on input line 962.



LaTeX Warning: Reference `sec:eval-dsr' on page 327 undefined on input line 964
.


LaTeX Warning: Reference `sec:ch16:pbo' on page 1 undefined on input line 964.


LaTeX Warning: Reference `sec:eval-purgedcv' on page 327 undefined on input lin
e 973.


Package natbib Warning: Citation `LopezdePrado2018' on page 327 undefined on in
put line 982.

[327]

LaTeX Warning: Reference `eq:ch16-cpcv-splits' on page 328 undefined on input l
ine 1012.


LaTeX Warning: Reference `eq:ch16-cpcv-splits' on page 328 undefined on input l
ine 1016.


LaTeX Warning: Reference `eq:ch16-cpcv-paths' on page 328 undefined on input li
ne 1016.

[328]

Package natbib Warning: Citation `LopezdePrado2018' on page 329 undefined on in
put line 1125.


LaTeX Warning: Reference `sec:ch16:pbo' on page 1 undefined on input line 1132.



LaTeX Warning: Reference `sec:eval-dm' on page 329 undefined on input line 1139
.

[329]

Package natbib Warning: Citation `Bailey2014PBO' on page 330 undefined on input
 line 1151.

[330]

Package natbib Warning: Citation `Bailey2014PBO' on page 331 undefined on input
 line 1249.

[331]

LaTeX Warning: Reference `ch:vrp' on page 332 undefined on input line 1267.


LaTeX Warning: Reference `ch:applications' on page 332 undefined on input line 
1267.


Package natbib Warning: Citation `Bailey2014DSR' on page 332 undefined on input
 line 1279.

[332]

LaTeX Warning: Reference `ch:vrp' on page 333 undefined on input line 1331.


Package natbib Warning: Citation `Bailey2014DSR' on page 333 undefined on input
 line 1338.

[333]

LaTeX Warning: Reference `ch:applications' on page 334 undefined on input line 
1383.


LaTeX Warning: Reference `sec:eval-dsr' on page 334 undefined on input line 140
0.


LaTeX Warning: Reference `sec:eval-one-se' on page 1 undefined on input line 14
01.


LaTeX Warning: Reference `sec:ch16:pbo' on page 1 undefined on input line 1401.



LaTeX Warning: Reference `sec:ch16:cpcv' on page 1 undefined on input line 1401
.

[334]

Package natbib Warning: Citation `HarveyLiu2015' on page 335 undefined on input
 line 1411.

[335]

LaTeX Warning: Reference `eq:eval-sr-to-t' on page 336 undefined on input line 
1438.


LaTeX Warning: Reference `ch:applications' on page 336 undefined on input line 
1444.


LaTeX Warning: Reference `eq:eval-sr-to-t' on page 336 undefined on input line 
1444.


LaTeX Warning: Reference `eq:eval-sr-to-t' on page 336 undefined on input line 
1444.


Package natbib Warning: Citation `HarveyLiu2015' on page 336 undefined on input
 line 1451.

[336]

LaTeX Warning: Reference `eq:eval-sr-to-t' on page 337 undefined on input line 
1503.


LaTeX Warning: Reference `eq:eval-sr-to-t' on page 337 undefined on input line 
1516.

[337]

Package natbib Warning: Citation `HarveyLiuZhu2016' on page 338 undefined on in
put line 1550.


LaTeX Warning: Reference `sec:eval-dsr' on page 338 undefined on input line 155
7.


LaTeX Warning: Reference `sec:eval-dsr' on page 338 undefined on input line 156
0.

[338]

LaTeX Warning: Reference `sec:eval-purgedcv' on page 339 undefined on input lin
e 1577.


LaTeX Warning: Reference `sec:eval-dm' on page 339 undefined on input line 1581
.


LaTeX Warning: Reference `sec:eval-mcs' on page 339 undefined on input line 158
1.


LaTeX Warning: Reference `ch:applications' on page 339 undefined on input line 
1593.


LaTeX Warning: Reference `sec:ch16:xsection-leakage' on page 1 undefined on inp
ut line 1608.


Package natbib Warning: Citation `LopezdePrado2018' on page 339 undefined on in
put line 1608.

[339]

LaTeX Warning: Reference `ch:rv' on page 340 undefined on input line 1628.


LaTeX Warning: Reference `ch:noise' on page 340 undefined on input line 1649.


LaTeX Warning: Reference `ch:garch' on page 340 undefined on input line 1670.


LaTeX Warning: Reference `ch:applications' on page 340 undefined on input line 
1670.

[340]

LaTeX Warning: Reference `ch:applications' on page 341 undefined on input line 
1692.


LaTeX Warning: Reference `tab:lookahead-taxonomy' on page 341 undefined on inpu
t line 1715.


Overfull \hbox (2.26526pt too wide) in paragraph at lines 1731--1732
[]|\OT1/cmr/m/n/10 Microstructure| 

Underfull \hbox (badness 10000) in paragraph at lines 1735--1736
[]|\OT1/cmr/m/n/10 Options sur-

Underfull \hbox (badness 10000) in paragraph at lines 1736--1737
[]|\OT1/cmr/m/n/10 Intraday IV changes re-flect

Underfull \hbox (badness 10000) in paragraph at lines 1736--1737
\OT1/cmr/m/n/10 target-day in-for-ma-tion (e.g.,

Underfull \hbox (badness 4886) in paragraph at lines 1740--1741
[]|\OT1/cmr/m/n/10 Mixed fre-quen-cies and time-
[341]

Package pgf Warning: Returning node center instead of a point on node border. D
id you specify a point identical to the center of node ``dsr''? on input line 1
794.


LaTeX Warning: Reference `fig:eval-workflow' on page 342 undefined on input lin
e 1815.


LaTeX Warning: Reference `sec:ch16:cpcv' on page 1 undefined on input line 1817
.


LaTeX Warning: Reference `sec:ch16:xsection-leakage' on page 1 undefined on inp
ut line 1817.


LaTeX Warning: Reference `sec:eval-one-se' on page 1 undefined on input line 18
17.


LaTeX Warning: Reference `sec:ch16:pbo' on page 1 undefined on input line 1818.



LaTeX Warning: Reference `sec:eval-haircut-detail' on page 1 undefined on input
 line 1819.

[342]

LaTeX Warning: Reference `sec:eval-mse' on page 343 undefined on input line 183
1.


Package natbib Warning: Citation `Patton2011' on page 343 undefined on input li
ne 1833.


LaTeX Warning: Reference `sec:eval-qlike' on page 343 undefined on input line 1
833.


LaTeX Warning: Reference `sec:eval-qlike' on page 343 undefined on input line 1
835.


Package natbib Warning: Citation `Patton2011' on page 343 undefined on input li
ne 1837.


LaTeX Warning: Reference `sec:eval-retransformation' on page 343 undefined on i
nput line 1837.


LaTeX Warning: Reference `sec:eval-mz' on page 343 undefined on input line 1839
.


Package natbib Warning: Citation `DieboldMariano1995' on page 343 undefined on 
input line 1841.


LaTeX Warning: Reference `sec:eval-dm' on page 343 undefined on input line 1841
.


Package natbib Warning: Citation `HansenLundeNason2011' on page 343 undefined o
n input line 1843.


LaTeX Warning: Reference `sec:eval-mcs' on page 343 undefined on input line 184
3.


Package natbib Warning: Citation `LopezdePrado2018' on page 343 undefined on in
put line 1845.


LaTeX Warning: Reference `sec:eval-purgedcv' on page 343 undefined on input lin
e 1845.


LaTeX Warning: Reference `sec:eval-purgedcv' on page 343 undefined on input lin
e 1847.


Package natbib Warning: Citation `Bailey2014DSR' on page 343 undefined on input
 line 1849.


LaTeX Warning: Reference `sec:eval-dsr' on page 343 undefined on input line 184
9.


LaTeX Warning: Reference `sec:eval-dsr' on page 343 undefined on input line 185
1.


LaTeX Warning: Reference `sec:eval-pitfalls' on page 343 undefined on input lin
e 1853.


LaTeX Warning: Reference `sec:eval-lookahead-taxonomy' on page 343 undefined on
 input line 1855.


LaTeX Warning: Reference `fig:eval-workflow' on page 343 undefined on input lin
e 1857.


Underfull \hbox (badness 10000) in paragraph at lines 1867--1867
[]|\OT1/cmr/m/n/10.95 Primary loss func-tion;

Underfull \hbox (badness 10000) in paragraph at lines 1867--1867
\OT1/cmr/m/n/10.95 proxy-robust, outlier-

Package natbib Warning: Citation `Patton2011' on page 343 undefined on input li
ne 1867.


Underfull \hbox (badness 10000) in paragraph at lines 1868--1868
[]|\OT1/cmr/m/n/10.95 Secondary loss; proxy-

Package natbib Warning: Citation `Patton2011' on page 343 undefined on input li
ne 1868.


Underfull \hbox (badness 10000) in paragraph at lines 1869--1869
[]|\OT1/cmr/m/n/10.95 Diagnoses fore-cast bias

Package natbib Warning: Citation `MincerZarnowitz1969' on page 343 undefined on
 input line 1869.


Package natbib Warning: Citation `DieboldMariano1995' on page 343 undefined on 
input line 1870.


Underfull \hbox (badness 2409) in paragraph at lines 1871--1871
[]|\OT1/cmr/m/n/10.95 Model Con-fi-dence

Underfull \hbox (badness 10000) in paragraph at lines 1871--1871
[]|\OT1/cmr/m/n/10.95 Multi-model com-par-i-son;

Package natbib Warning: Citation `HansenLundeNason2011' on page 343 undefined o
n input line 1871.


Underfull \hbox (badness 4739) in paragraph at lines 1872--1872
[]|\OT1/cmr/m/n/10.95 Time-series CV with-out

Package natbib Warning: Citation `LopezdePrado2018' on page 343 undefined on in
put line 1872.


Underfull \hbox (badness 10000) in paragraph at lines 1873--1873
[]|\OT1/cmr/m/n/10.95 Deflated Sharpe

Package natbib Warning: Citation `Bailey2014DSR' on page 343 undefined on input
 line 1873.


Underfull \hbox (badness 10000) in paragraph at lines 1874--1874
[]|\OT1/cmr/m/n/10.95 Alternative multiple-

Package natbib Warning: Citation `HarveyLiu2015' on page 343 undefined on input
 line 1874.

[343]) (chapters/17-applications-projects.tex [344] [345]
Chapter 18.

LaTeX Warning: Reference `ch:har' on page 346 undefined on input line 22.


LaTeX Warning: Reference `ch:hybrid' on page 346 undefined on input line 22.

[346]

Package natbib Warning: Citation `MoreiraMuir2017' on page 347 undefined on inp
ut line 68.


LaTeX Warning: Reference `ch:har' on page 347 undefined on input line 91.

[347]

Package natbib Warning: Citation `MoskowitzOoiPedersen2012' on page 348 undefin
ed on input line 146.


LaTeX Warning: Reference `sec:vol-targeting' on page 348 undefined on input lin
e 174.


LaTeX Warning: Reference `eq:vol-target-weight' on page 348 undefined on input 
line 174.


LaTeX Warning: Reference `ch:evaluation' on page 348 undefined on input line 17
4.


LaTeX Warning: Reference `sec:eval-qlike' on page 348 undefined on input line 1
74.


LaTeX Warning: Reference `sec:eval-dm' on page 348 undefined on input line 174.


[348]

LaTeX Warning: Reference `tab:perf-metrics' on page 349 undefined on input line
 178.


LaTeX Warning: Reference `subsec:vol-target-example' on page 349 undefined on i
nput line 181.


LaTeX Warning: Reference `ch:evaluation' on page 349 undefined on input line 18
1.


LaTeX Warning: Reference `subsec:vol-target-formula' on page 349 undefined on i
nput line 190.


LaTeX Warning: Reference `subsec:vol-target-example' on page 349 undefined on i
nput line 201.


LaTeX Warning: Reference `eq:net-pnl-vt' on page 349 undefined on input line 20
4.

[349]

LaTeX Warning: Reference `ch:evaluation' on page 350 undefined on input line 20
8.


LaTeX Warning: Reference `sec:vol-targeting' on page 350 undefined on input lin
e 208.


LaTeX Warning: Reference `eq:net-pnl-vt' on page 350 undefined on input line 20
8.


LaTeX Warning: Reference `eq:net-pnl-vt' on page 350 undefined on input line 20
8.


LaTeX Warning: Reference `eq:vol-target-weight' on page 350 undefined on input 
line 208.


LaTeX Warning: Reference `subsec:vol-target-example' on page 350 undefined on i
nput line 212.

[350]

LaTeX Warning: Reference `eq:net-pnl-vt' on page 351 undefined on input line 26
9.


LaTeX Warning: Reference `eq:turnover-vt' on page 351 undefined on input line 2
77.

[351]

LaTeX Warning: Reference `ch:evaluation' on page 352 undefined on input line 28
7.


LaTeX Warning: Reference `eq:sharpe-drag' on page 352 undefined on input line 2
87.


LaTeX Warning: Reference `subsec:vol-target-example' on page 352 undefined on i
nput line 291.


LaTeX Warning: Reference `subsec:metric-reference' on page 352 undefined on inp
ut line 311.


LaTeX Warning: Reference `eq:sharpe-drag' on page 352 undefined on input line 3
11.


Overfull \hbox (5.08543pt too wide) in paragraph at lines 311--312
\OT1/cmr/bx/n/10.95 Sharpe-vs-cost curve\OT1/cmr/m/n/10.95 : net Sharpe eval-u-
ated across a grid of cost lev-els, $\OML/cmm/m/it/10.95 c \OMS/cmsy/m/n/10.95 
2 f\OT1/cmr/m/n/10.95 0\OML/cmm/m/it/10.95 ; \OT1/cmr/m/n/10.95 1\OML/cmm/m/it/
10.95 ; \OT1/cmr/m/n/10.95 2\OML/cmm/m/it/10.95 ; \OT1/cmr/m/n/10.95 5\OML/cmm/
m/it/10.95 ; \OT1/cmr/m/n/10.95 10\OML/cmm/m/it/10.95 ; \OT1/cmr/m/n/10.95 20\O
MS/cmsy/m/n/10.95 g$ \OT1/cmr/m/n/10.95 bp,
[352]

LaTeX Warning: Reference `eq:sharpe-drag' on page 353 undefined on input line 3
16.


LaTeX Warning: Reference `fig:sharpe-cost-curve' on page 353 undefined on input
 line 322.

[353]

LaTeX Warning: Reference `sec:vol-targeting' on page 354 undefined on input lin
e 380.


LaTeX Warning: Reference `sec:vol-targeting' on page 354 undefined on input lin
e 391.


LaTeX Warning: Reference `tab:perf-metrics' on page 354 undefined on input line
 391.


LaTeX Warning: Reference `eq:net-pnl-vt' on page 354 undefined on input line 39
1.


Underfull \hbox (badness 10000) in paragraph at lines 401--402
[]|\OT1/cmr/m/n/10.95 Risk-adjusted re-turn;

Underfull \hbox (badness 10000) in paragraph at lines 403--404
[]|\OT1/cmr/m/n/10.95 Like Sharpe but

Underfull \hbox (badness 6625) in paragraph at lines 403--404
\OML/cmm/m/it/10.95 ^^[[]$ \OT1/cmr/m/n/10.95 counts only

Underfull \hbox (badness 3826) in paragraph at lines 405--406
[]|\OT1/cmr/m/n/10.95 Fraction of prof-itable

Underfull \hbox (badness 1005) in paragraph at lines 407--408
\OT1/cmr/m/n/10.95 pre-vi-ous point --- the

Underfull \hbox (badness 10000) in paragraph at lines 409--410
[]|\OT1/cmr/m/n/10.95 Return per unit of

Underfull \hbox (badness 1490) in paragraph at lines 413--414
[]|\OT1/cmr/m/n/10.95 Tradeability thresh-old;

LaTeX Warning: Reference `subsec:ewma-baseline' on page 354 undefined on input 
line 419.


LaTeX Warning: Reference `fig:sharpe-cost-curve' on page 354 undefined on input
 line 419.

[354] [355]

Package natbib Warning: Citation `Bennett2014' on page 356 undefined on input l
ine 466.

[356]

LaTeX Warning: Reference `sec:feat-calendar' on page 357 undefined on input lin
e 484.


LaTeX Warning: Reference `ch:evaluation' on page 357 undefined on input line 49
9.


LaTeX Warning: Reference `sec:eval-qlike' on page 357 undefined on input line 4
99.


LaTeX Warning: Reference `sec:eval-dm' on page 357 undefined on input line 499.



LaTeX Warning: Reference `sec:vol-targeting' on page 357 undefined on input lin
e 499.


LaTeX Warning: Reference `sec:net-econ-value' on page 357 undefined on input li
ne 499.


LaTeX Warning: Reference `ch:evaluation' on page 357 undefined on input line 49
9.


LaTeX Warning: Reference `sec:eval-dsr' on page 357 undefined on input line 499
.


LaTeX Warning: Reference `sec:eval-purgedcv' on page 357 undefined on input lin
e 499.


LaTeX Warning: Reference `sec:eval-lookahead-taxonomy' on page 357 undefined on
 input line 499.

[357]

LaTeX Warning: Reference `ch:har' on page 358 undefined on input line 512.


LaTeX Warning: Reference `ch:vrp' on page 358 undefined on input line 516.


LaTeX Warning: Reference `sec:eval-dsr' on page 358 undefined on input line 516
.


LaTeX Warning: Reference `ch:har' on page 358 undefined on input line 519.


LaTeX Warning: Reference `ch:vrp' on page 358 undefined on input line 519.


LaTeX Warning: Reference `ch:trees' on page 358 undefined on input line 519.


LaTeX Warning: Reference `ch:har' on page 358 undefined on input line 523.


LaTeX Warning: Reference `sec:eval-dm' on page 358 undefined on input line 541.


[358]

LaTeX Warning: Reference `sec:eval-purgedcv' on page 359 undefined on input lin
e 558.


LaTeX Warning: Reference `ch:trees' on page 359 undefined on input line 560.


LaTeX Warning: Reference `sec:trees:honest' on page 359 undefined on input line
 560.


LaTeX Warning: Reference `ch:har' on page 359 undefined on input line 576.


LaTeX Warning: Reference `ch:vrp' on page 359 undefined on input line 576.

[359]

LaTeX Warning: Reference `sec:eval-qlike' on page 360 undefined on input line 5
78.


LaTeX Warning: Reference `sec:eval-purgedcv' on page 360 undefined on input lin
e 578.


LaTeX Warning: Reference `sec:eval-lookahead-taxonomy' on page 360 undefined on
 input line 578.


LaTeX Warning: Reference `sec:net-econ-value' on page 360 undefined on input li
ne 579.


LaTeX Warning: Reference `sec:eval-dsr' on page 360 undefined on input line 581
.


LaTeX Warning: Reference `ch:rashomon' on page 360 undefined on input line 581.



LaTeX Warning: Reference `sec:net-econ-value' on page 360 undefined on input li
ne 582.


LaTeX Warning: Reference `subsec:tsmom-connection' on page 360 undefined on inp
ut line 583.


LaTeX Warning: Reference `subsec:one-slide' on page 360 undefined on input line
 585.


LaTeX Warning: Reference `ch:evaluation' on page 360 undefined on input line 58
8.


LaTeX Warning: Reference `sec:eval-lookahead-taxonomy' on page 360 undefined on
 input line 588.


LaTeX Warning: Reference `sec:eval-dm' on page 360 undefined on input line 603.



LaTeX Warning: Reference `sec:net-econ-value' on page 360 undefined on input li
ne 607.


LaTeX Warning: Reference `subsec:tsmom-connection' on page 360 undefined on inp
ut line 607.


LaTeX Warning: Reference `ch:trees' on page 360 undefined on input line 611.


LaTeX Warning: Reference `sec:trees:honest' on page 360 undefined on input line
 612.

[360]

LaTeX Warning: Reference `sec:eval-lookahead-taxonomy' on page 361 undefined on
 input line 619.


LaTeX Warning: Reference `sec:eval-purgedcv' on page 361 undefined on input lin
e 619.


LaTeX Warning: Reference `sec:eval-dsr' on page 361 undefined on input line 623
.

) (chapters/18-ivrv-straddle.tex [361]
Chapter 19.

LaTeX Warning: Reference `sec:greeks' on page 1 undefined on input line 15.


LaTeX Warning: Reference `sec:var-swap' on page 1 undefined on input line 15.


LaTeX Warning: Reference `sec:vrp-definition' on page 1 undefined on input line
 16.


LaTeX Warning: Reference `sec:gamma-pnl' on page 1 undefined on input line 16.


LaTeX Warning: Reference `ch:evaluation' on page 1 undefined on input line 17.


LaTeX Warning: Reference `sec:eval-qlike' on page 1 undefined on input line 17.



LaTeX Warning: Reference `sec:eval-dm' on page 1 undefined on input line 17.


LaTeX Warning: Reference `sec:eval-dsr' on page 1 undefined on input line 17.


LaTeX Warning: Reference `ch:applications' on page 1 undefined on input line 18
.


LaTeX Warning: Reference `sec:net-econ-value' on page 1 undefined on input line
 18.

[362]

LaTeX Warning: Reference `sec:vrp-definition' on page 1 undefined on input line
 36.


LaTeX Warning: Reference `fig:ivrv:pipeline' on page 1 undefined on input line 
47.


LaTeX Warning: Reference `sec:ivrv:signal' on page 1 undefined on input line 47
.


LaTeX Warning: Reference `sec:ivrv:breaks' on page 1 undefined on input line 47
.


LaTeX Warning: Reference `sec:ivrv:pnl-engine' on page 1 undefined on input lin
e 47.


LaTeX Warning: Reference `sec:ivrv:leland' on page 1 undefined on input line 47
.


LaTeX Warning: Reference `sec:ivrv:option-costs' on page 1 undefined on input l
ine 47.


LaTeX Warning: Reference `sec:ivrv:hedging-error' on page 1 undefined on input 
line 47.


LaTeX Warning: Reference `sec:ivrv:kurtosis' on page 1 undefined on input line 
47.


LaTeX Warning: Reference `sec:ivrv:algorithm' on page 1 undefined on input line
 47.


LaTeX Warning: Reference `sec:ivrv:evaluation' on page 1 undefined on input lin
e 47.

[363]

LaTeX Warning: Reference `sec:ivrv:evaluation' on page 1 undefined on input lin
e 96.

[364]

Package natbib Warning: Citation `Pollok2025' on page 365 undefined on input li
ne 106.


Package natbib Warning: Citation `LiWu2026' on page 365 undefined on input line
 121.


Package natbib Warning: Citation `LiWu2026' on page 365 undefined on input line
 125.


LaTeX Warning: Reference `eq:ivrv:signal' on page 1 undefined on input line 129
.


LaTeX Warning: Reference `sec:vrp-definition' on page 1 undefined on input line
 129.


LaTeX Warning: Reference `eq:vrp-operational' on page 365 undefined on input li
ne 129.


LaTeX Warning: Reference `sec:eval-lookahead-taxonomy' on page 1 undefined on i
nput line 129.


LaTeX Warning: Reference `tab:lookahead-taxonomy' on page 1 undefined on input 
line 129.


Package natbib Warning: Citation `AhmadWilmott2005' on page 365 undefined on in
put line 137.

[365]

LaTeX Warning: Reference `eq:ivrv:aw-daily' on page 1 undefined on input line 1
57.


Package natbib Warning: Citation `AhmadWilmott2005' on page 366 undefined on in
put line 165.


Package natbib Warning: Citation `AhmadWilmott2005' on page 366 undefined on in
put line 165.


LaTeX Warning: Reference `sec:gamma-pnl' on page 1 undefined on input line 180.



LaTeX Warning: Reference `eq:gamma-pnl-simple' on page 366 undefined on input l
ine 180.

[366]

LaTeX Warning: Reference `eq:ivrv:daily-discrete' on page 1 undefined on input 
line 188.


LaTeX Warning: Reference `sec:ivrv:algorithm' on page 1 undefined on input line
 188.


LaTeX Warning: Reference `fig:ivrv:dollar-gamma' on page 1 undefined on input l
ine 191.


LaTeX Warning: Reference `sec:var-swap' on page 1 undefined on input line 191.


LaTeX Warning: Reference `sec:ivrv:breaks' on page 1 undefined on input line 19
1.

[367]) (main.bbl [368] [369] [370] [371] [372] [373] [374] [375] [376])

Package natbib Warning: There were undefined citations.

[377] (main.aux

Package natbib Warning: Citation(s) may have changed.
(natbib)                Rerun to get citations correct.

)

LaTeX Warning: There were undefined references.


LaTeX Warning: Label(s) may have changed. Rerun to get cross-references right.


Package rerunfilecheck Warning: File `main.out' has changed.
(rerunfilecheck)                Rerun to get outlines right
(rerunfilecheck)                or use package `bookmark'.

 )
(see the transcript file for additional information) <C:\Users\ryanv\AppData\Lo
cal\MiKTeX\fonts/pk/ljfour/jknappen/ec/dpi600\tcrm0900.pk> <C:\Users\ryanv\AppD
ata\Local\MiKTeX\fonts/pk/ljfour/jknappen/ec/dpi600\tcrm0800.pk> <C:\Users\ryan
v\AppData\Local\MiKTeX\fonts/pk/ljfour/jknappen/ec/dpi600\tcrm1000.pk> <C:\User
s\ryanv\AppData\Local\MiKTeX\fonts/pk/ljfour/jknappen/ec/dpi600\tcbx1095.pk> <C
:\Users\ryanv\AppData\Local\MiKTeX\fonts/pk/ljfour/jknappen/ec/dpi600\tcrm1095.
pk><C:/Users/ryanv/AppData/Local/Programs/MiKTeX/fonts/type1/public/amsfonts/cm
/cmbx10.pfb><C:/Users/ryanv/AppData/Local/Programs/MiKTeX/fonts/type1/public/am
sfonts/cm/cmbx12.pfb><C:/Users/ryanv/AppData/Local/Programs/MiKTeX/fonts/type1/
public/amsfonts/cm/cmbx8.pfb><C:/Users/ryanv/AppData/Local/Programs/MiKTeX/font
s/type1/public/amsfonts/cm/cmbx9.pfb><C:/Users/ryanv/AppData/Local/Programs/MiK
TeX/fonts/type1/public/amsfonts/cm/cmex10.pfb><C:/Users/ryanv/AppData/Local/Pro
grams/MiKTeX/fonts/type1/public/amsfonts/cmextra/cmex8.pfb><C:/Users/ryanv/AppD
ata/Local/Programs/MiKTeX/fonts/type1/public/amsfonts/cmextra/cmex9.pfb><C:/Use
rs/ryanv/AppData/Local/Programs/MiKTeX/fonts/type1/public/amsfonts/cm/cmmi10.pf
b><C:/Users/ryanv/AppData/Local/Programs/MiKTeX/fonts/type1/public/amsfonts/cm/
cmmi12.pfb><C:/Users/ryanv/AppData/Local/Programs/MiKTeX/fonts/type1/public/ams
fonts/cm/cmmi5.pfb><C:/Users/ryanv/AppData/Local/Programs/MiKTeX/fonts/type1/pu
blic/amsfonts/cm/cmmi6.pfb><C:/Users/ryanv/AppData/Local/Programs/MiKTeX/fonts/
type1/public/amsfonts/cm/cmmi7.pfb><C:/Users/ryanv/AppData/Local/Programs/MiKTe
X/fonts/type1/public/amsfonts/cm/cmmi8.pfb><C:/Users/ryanv/AppData/Local/Progra
ms/MiKTeX/fonts/type1/public/amsfonts/cm/cmmi9.pfb><C:/Users/ryanv/AppData/Loca
l/Programs/MiKTeX/fonts/type1/public/amsfonts/cm/cmmib10.pfb><C:/Users/ryanv/Ap
pData/Local/Programs/MiKTeX/fonts/type1/public/amsfonts/cmextra/cmmib7.pfb><C:/
Users/ryanv/AppData/Local/Programs/MiKTeX/fonts/type1/public/amsfonts/cmextra/c
mmib8.pfb><C:/Users/ryanv/AppData/Local/Programs/MiKTeX/fonts/type1/public/amsf
onts/cmextra/cmmib9.pfb><C:/Users/ryanv/AppData/Local/Programs/MiKTeX/fonts/typ
e1/public/amsfonts/cm/cmr10.pfb><C:/Users/ryanv/AppData/Local/Programs/MiKTeX/f
onts/type1/public/amsfonts/cm/cmr12.pfb><C:/Users/ryanv/AppData/Local/Programs/
MiKTeX/fonts/type1/public/amsfonts/cm/cmr6.pfb><C:/Users/ryanv/AppData/Local/Pr
ograms/MiKTeX/fonts/type1/public/amsfonts/cm/cmr7.pfb><C:/Users/ryanv/AppData/L
ocal/Programs/MiKTeX/fonts/type1/public/amsfonts/cm/cmr8.pfb><C:/Users/ryanv/Ap
pData/Local/Programs/MiKTeX/fonts/type1/public/amsfonts/cm/cmr9.pfb><C:/Users/r
yanv/AppData/Local/Programs/MiKTeX/fonts/type1/public/amsfonts/cm/cmsy10.pfb><C
:/Users/ryanv/AppData/Local/Programs/MiKTeX/fonts/type1/public/amsfonts/cm/cmsy
6.pfb><C:/Users/ryanv/AppData/Local/Programs/MiKTeX/fonts/type1/public/amsfonts
/cm/cmsy7.pfb><C:/Users/ryanv/AppData/Local/Programs/MiKTeX/fonts/type1/public/
amsfonts/cm/cmsy8.pfb><C:/Users/ryanv/AppData/Local/Programs/MiKTeX/fonts/type1
/public/amsfonts/cm/cmsy9.pfb><C:/Users/ryanv/AppData/Local/Programs/MiKTeX/fon
ts/type1/public/amsfonts/cm/cmti10.pfb><C:/Users/ryanv/AppData/Local/Programs/M
iKTeX/fonts/type1/public/amsfonts/cm/cmti7.pfb><C:/Users/ryanv/AppData/Local/Pr
ograms/MiKTeX/fonts/type1/public/amsfonts/cm/cmti8.pfb><C:/Users/ryanv/AppData/
Local/Programs/MiKTeX/fonts/type1/public/amsfonts/cm/cmti9.pfb><C:/Users/ryanv/
AppData/Local/Programs/MiKTeX/fonts/type1/public/amsfonts/cm/cmtt10.pfb><C:/Use
rs/ryanv/AppData/Local/Programs/MiKTeX/fonts/type1/public/amsfonts/symbols/msam
10.pfb><C:/Users/ryanv/AppData/Local/Programs/MiKTeX/fonts/type1/public/amsfont
s/symbols/msbm10.pfb><C:/Users/ryanv/AppData/Local/Programs/MiKTeX/fonts/type1/
public/amsfonts/symbols/msbm7.pfb>
Output written on main.pdf (378 pages, 2530428 bytes).
Transcript written on main.log.
pdflatex: major issue: So far, you have not checked for MiKTeX updates.
